Workbook

Sheet Summary
N3: Siap Drop | P3: PH SN | Q3: History PS | R3: =R6+R35 -> 0 | S3: Tgl Siap Drop | U3: Belum Siap Drop | W3: PH SN | X3: History PS | Y3: Examini | Z3: Pre
N4: Belum Drop | U4: 022D | V4: =VLOOKUP(U4,'Data Lokasi'!$C$13:$D$593,2,0) -> 8.24 | W4: =IFERROR(VLOOKUP(U4,[1]Master!$D$542:$K$1797,8,0),"-") -> 0 | X4: =IFERROR(VLOOKUP(U4,[1]Master!$D$542:$I$1797,6,0),"-") -> 0 | Y4: 0.5 | Z4: =VLOOKUP(U4,'Data Lokasi'!$C$13:$K$593,9,0) -> 44741 | AB4: =V4*Y4 -> 4.12
D5: Monitor Siap Tanam Nanas PG1 | N5: 022C | P5: =IFERROR(VLOOKUP(N5,[1]Master!$D$542:$K$1797,8,0),"-") -> 0 | Q5: =IFERROR(VLOOKUP(N5,[1]Master!$D$542:$I$1797,6,0),"-") -> 0 | R5: =IFERROR(VLOOKUP(N5,'Data Lokasi'!$C$13:$X$593,22,0),"-") -> 0 | S5: =IFERROR(VLOOKUP(N5,'Data Lokasi'!$C$13:$S$593,12,0),"-") -> 44749 | U5: 052C | V5: =VLOOKUP(U5,'Data Lokasi'!$C$13:$D$593,2,0) -> 8.54 | W5: =IFERROR(VLOOKUP(U5,[1]Master!$D$542:$K$1797,8,0),"-") -> 0 | X5: =IFERROR(VLOOKUP(U5,[1]Master!$D$542:$I$1797,6,0),"-") -> PS NS NS | Z5: =VLOOKUP(U5,'Data Lokasi'!$C$13:$K$593,9,0) -> 44747 | AB5: =V5*Y5 -> 0
N6: Total | R6: =SUM(R5:R5) -> 0 | S6: Ha | U6: 052D | V6: =VLOOKUP(U6,'Data Lokasi'!$C$13:$D$593,2,0) -> 10.04 | W6: =IFERROR(VLOOKUP(U6,[1]Master!$D$542:$K$1797,8,0),"-") -> 0 | X6: =IFERROR(VLOOKUP(U6,[1]Master!$D$542:$I$1797,6,0),"-") -> PS NS NS | Z6: =VLOOKUP(U6,'Data Lokasi'!$C$13:$K$593,9,0) -> 44747 | AB6: =V6*Y6 -> 0
N7: Sisa Proses Tanam | S7: Tgl Mulai Tanam | U7: 052E | V7: =VLOOKUP(U7,'Data Lokasi'!$C$13:$D$593,2,0) -> 11.4 | W7: =IFERROR(VLOOKUP(U7,[1]Master!$D$542:$K$1797,8,0),"-") -> 0 | X7: =IFERROR(VLOOKUP(U7,[1]Master!$D$542:$I$1797,6,0),"-") -> PS NS NS | Z7: =VLOOKUP(U7,'Data Lokasi'!$C$13:$K$593,9,0) -> 44747 | AB7: =V7*Y7 -> 0
H8: Update Per | J8: =+'Data Lokasi'!E4 -> 46308.615 | N8: 009F | P8: =IFERROR(VLOOKUP(N8,[1]Master!$D$542:$K$1797,8,0),"-") -> 4.52 | Q8: =IFERROR(VLOOKUP(N8,[1]Master!$D$542:$I$1797,6,0),"-") -> PS NS | R8: =VLOOKUP(N8,'Data Lokasi'!$C$13:$X$593,22,0) -> 0 | S8: =VLOOKUP(N8,'Data Lokasi'!$C$13:$S$593,17,0) -> 44713 | U8: 071D1 | V8: =VLOOKUP(U8,'Data Lokasi'!$C$13:$D$593,2,0) -> 4.57 | W8: =IFERROR(VLOOKUP(U8,[1]Master!$D$542:$K$1797,8,0),"-") -> 0 | X8: =IFERROR(VLOOKUP(U8,[1]Master!$D$542:$I$1797,6,0),"-") -> 0 | Y8: 0.3 | Z8: =VLOOKUP(U8,'Data Lokasi'!$C$13:$K$593,9,0) -> 44749 | AB8: =V8*Y8 -> 1.371
N9: 011B | O9: Excamini 70% | P9: =IFERROR(VLOOKUP(N9,[1]Master!$D$542:$K$1797,8,0),"-") -> 4.845 | Q9: =IFERROR(VLOOKUP(N9,[1]Master!$D$542:$I$1797,6,0),"-") -> PS | R9: =VLOOKUP(N9,'Data Lokasi'!$C$13:$X$593,22,0) -> 0 | S9: =VLOOKUP(N9,'Data Lokasi'!$C$13:$S$593,17,0) -> 44732 | U9: 075A | V9: =VLOOKUP(U9,'Data Lokasi'!$C$13:$D$593,2,0) -> 6.2 | W9: =IFERROR(VLOOKUP(U9,[1]Master!$D$542:$K$1797,8,0),"-") -> 0 | X9: =IFERROR(VLOOKUP(U9,[1]Master!$D$542:$I$1797,6,0),"-") -> PS NS NS | Z9: =VLOOKUP(U9,'Data Lokasi'!$C$13:$K$593,9,0) -> 44753 | AB9: =V9*Y9 -> 0
N10: 015B | O10: Excamini 0% | P10: =IFERROR(VLOOKUP(N10,[1]Master!$D$542:$K$1797,8,0),"-") -> 0 | Q10: =IFERROR(VLOOKUP(N10,[1]Master!$D$542:$I$1797,6,0),"-") -> 0 | R10: =VLOOKUP(N10,'Data Lokasi'!$C$13:$X$593,22,0) -> 0 | S10: =VLOOKUP(N10,'Data Lokasi'!$C$13:$S$593,17,0) -> 44748 | U10: 075F | V10: =VLOOKUP(U10,'Data Lokasi'!$C$13:$D$593,2,0) -> 9.58 | W10: =IFERROR(VLOOKUP(U10,[1]Master!$D$542:$K$1797,8,0),"-") -> 0 | X10: =IFERROR(VLOOKUP(U10,[1]Master!$D$542:$I$1797,6,0),"-") -> 0 | Z10: =VLOOKUP(U10,'Data Lokasi'!$C$13:$K$593,9,0) -> 44753 | AB10: =V10*Y10 -> 0
N11: 018D | P11: =IFERROR(VLOOKUP(N11,[1]Master!$D$542:$K$1797,8,0),"-") -> 4.895 | Q11: =IFERROR(VLOOKUP(N11,[1]Master!$D$542:$I$1797,6,0),"-") -> PS | R11: =VLOOKUP(N11,'Data Lokasi'!$C$13:$X$593,22,0) -> 0 | S11: =VLOOKUP(N11,'Data Lokasi'!$C$13:$S$593,17,0) -> 44737 | U11: 076H | V11: =VLOOKUP(U11,'Data Lokasi'!$C$13:$D$593,2,0) -> 6.34 | W11: =IFERROR(VLOOKUP(U11,[1]Master!$D$542:$K$1797,8,0),"-") -> 0 | X11: =IFERROR(VLOOKUP(U11,[1]Master!$D$542:$I$1797,6,0),"-") -> 0 | Y11: 0.9 | Z11: =VLOOKUP(U11,'Data Lokasi'!$C$13:$K$593,9,0) -> 44747 | AB11: =V11*Y11 -> 5.706
D12: Total Siap Nanas | J12: =SUM(J13:J17) -> 212.9 | K12: Ha | N12: 020A | P12: =IFERROR(VLOOKUP(N12,[1]Master!$D$542:$K$1797,8,0),"-") -> 4.955 | Q12: =IFERROR(VLOOKUP(N12,[1]Master!$D$542:$I$1797,6,0),"-") -> PS NS | R12: =VLOOKUP(N12,'Data Lokasi'!$C$13:$X$593,22,0) -> 0 | S12: =VLOOKUP(N12,'Data Lokasi'!$C$13:$S$593,17,0) -> 44710 | U12: 098G | V12: =VLOOKUP(U12,'Data Lokasi'!$C$13:$D$593,2,0) -> 7.14 | W12: =IFERROR(VLOOKUP(U12,[1]Master!$D$542:$K$1797,8,0),"-") -> 0 | X12: =IFERROR(VLOOKUP(U12,[1]Master!$D$542:$I$1797,6,0),"-") -> 0 | Z12: =VLOOKUP(U12,'Data Lokasi'!$C$13:$K$593,9,0) -> 44750 | AB12: =V12*Y12 -> 0
D13: - Siap Drop | J13: =R35+R6 -> 0 | K13: Ha | N13: 022B | P13: =IFERROR(VLOOKUP(N13,[1]Master!$D$542:$K$1797,8,0),"-") -> 0 | Q13: =IFERROR(VLOOKUP(N13,[1]Master!$D$542:$I$1797,6,0),"-") -> 0 | R13: =VLOOKUP(N13,'Data Lokasi'!$C$13:$X$593,22,0) -> 0 | S13: =VLOOKUP(N13,'Data Lokasi'!$C$13:$S$593,17,0) -> 44749 | U13: 098H | V13: =VLOOKUP(U13,'Data Lokasi'!$C$13:$D$593,2,0) -> 3.58 | W13: =IFERROR(VLOOKUP(U13,[1]Master!$D$542:$K$1797,8,0),"-") -> 4.59 | X13: =IFERROR(VLOOKUP(U13,[1]Master!$D$542:$I$1797,6,0),"-") -> 0 | Y13: 0.25 | Z13: =VLOOKUP(U13,'Data Lokasi'!$C$13:$K$593,9,0) -> 44750 | AB13: =V13*Y13 -> 0.895
D14: - SN Belum Siap Drop | N14: 025G | P14: =IFERROR(VLOOKUP(N14,[1]Master!$D$542:$K$1797,8,0),"-") -> 4.47 | Q14: =IFERROR(VLOOKUP(N14,[1]Master!$D$542:$I$1797,6,0),"-") -> 0 | R14: =VLOOKUP(N14,'Data Lokasi'!$C$13:$X$593,22,0) -> 0 | S14: =VLOOKUP(N14,'Data Lokasi'!$C$13:$S$593,17,0) -> 44705 | U14: Total | V14: =SUM(V4:V13) -> 75.63 | W14: Ha | AB14: =SUM(AB4:AB13) -> 12.092
E15: - Blm Pre Sudah Exca | J15: ='Data Lokasi'!Q6 -> 0 | K15: Ha | N15: 027C | O15: Excamini 50% | P15: =IFERROR(VLOOKUP(N15,[1]Master!$D$542:$K$1797,8,0),"-") -> 4.91 | Q15: =IFERROR(VLOOKUP(N15,[1]Master!$D$542:$I$1797,6,0),"-") -> 0 | R15: =VLOOKUP(N15,'Data Lokasi'!$C$13:$X$593,22,0) -> 0 | S15: =VLOOKUP(N15,'Data Lokasi'!$C$13:$S$593,17,0) -> 44735 | X15: * Kuning Berarti Masih Proses
E16: - Sudah Pre Blm Exca | J16: ='Data Lokasi'!Q7 -> 212.9 | K16: Ha | N16: 027F | O16: Excamini 0% | P16: =IFERROR(VLOOKUP(N16,[1]Master!$D$542:$K$1797,8,0),"-") -> 5.24 | Q16: =IFERROR(VLOOKUP(N16,[1]Master!$D$542:$I$1797,6,0),"-") -> 0 | R16: =VLOOKUP(N16,'Data Lokasi'!$C$13:$X$593,22,0) -> 0 | S16: =VLOOKUP(N16,'Data Lokasi'!$C$13:$S$593,17,0) -> 44738 | U16: Real Tanam s.d | V16: =J8-1 -> 46307.615 | AB16: =VLOOKUP(N8,'Data Lokasi'!$C$13:$D$593,2,0) -> 9.15 | AC16: 1 | AD16: =AC16*AB16 -> 9.15
E17: - Blm Pre Blm Exca | J17: ='Data Lokasi'!Q8 -> 0 | K17: Ha | N17: 027K | O17: Excamini 0% | P17: =IFERROR(VLOOKUP(N17,[1]Master!$D$542:$K$1797,8,0),"-") -> 4.725 | Q17: =IFERROR(VLOOKUP(N17,[1]Master!$D$542:$I$1797,6,0),"-") -> 0 | R17: =VLOOKUP(N17,'Data Lokasi'!$C$13:$X$593,22,0) -> 0 | S17: =VLOOKUP(N17,'Data Lokasi'!$C$13:$S$593,17,0) -> 44741 | U17: Hasil Tanam | V17: 0 | AB17: =VLOOKUP(N9,'Data Lokasi'!$C$13:$D$593,2,0) -> 6.57 | AC17: 0.7 | AD17: =AC17*AB17 -> 4.599
N18: 032D | O18: Excamini 60% | P18: =IFERROR(VLOOKUP(N18,[1]Master!$D$542:$K$1797,8,0),"-") -> 0 | Q18: =IFERROR(VLOOKUP(N18,[1]Master!$D$542:$I$1797,6,0),"-") -> 0 | R18: =VLOOKUP(N18,'Data Lokasi'!$C$13:$X$593,22,0) -> 0 | S18: =VLOOKUP(N18,'Data Lokasi'!$C$13:$S$593,17,0) -> 44745 | U18: Akum Tanam | V18: ='Data Lokasi'!G6 -> 51.15 | AB18: =VLOOKUP(N10,'Data Lokasi'!$C$13:$D$593,2,0) -> 5.44 | AC18: 0 | AD18: =AC18*AB18 -> 0
D19: Belum Siap Drop | N19: 039E | O19: Excamini 85% | P19: =IFERROR(VLOOKUP(N19,[1]Master!$D$542:$K$1797,8,0),"-") -> 4.6 | Q19: =IFERROR(VLOOKUP(N19,[1]Master!$D$542:$I$1797,6,0),"-") -> 0 | R19: =VLOOKUP(N19,'Data Lokasi'!$C$13:$X$593,22,0) -> 0 | S19: =VLOOKUP(N19,'Data Lokasi'!$C$13:$S$593,17,0) -> 44727 | AB19: =VLOOKUP(N11,'Data Lokasi'!$C$13:$D$593,2,0) -> 6.98 | AC19: 1 | AD19: =AC19*AB19 -> 6.98
D20: - Belum Examini | J20: =(V14-AB14)+(AB42-AD42) -> 91.0245 | K20: Ha | N20: 052G | P20: =IFERROR(VLOOKUP(N20,[1]Master!$D$542:$K$1797,8,0),"-") -> 4.275 | Q20: =IFERROR(VLOOKUP(N20,[1]Master!$D$542:$I$1797,6,0),"-") -> PS NS NS | R20: =VLOOKUP(N20,'Data Lokasi'!$C$13:$X$593,22,0) -> 0 | S20: =VLOOKUP(N20,'Data Lokasi'!$C$13:$S$593,17,0) -> 44723 | U20: Target Tanam | V20: 30 | AB20: =VLOOKUP(N12,'Data Lokasi'!$C$13:$D$593,2,0) -> 10.83 | AC20: 1 | AD20: =AC20*AB20 -> 10.83
D21: - Belum Pre | J21: ='Data Lokasi'!Q8+'Data Lokasi'!Q6 -> 0 | K21: Ha | N21: 055K | O21: Excamini 90% | P21: =IFERROR(VLOOKUP(N21,[1]Master!$D$542:$K$1797,8,0),"-") -> 4.7 | Q21: =IFERROR(VLOOKUP(N21,[1]Master!$D$542:$I$1797,6,0),"-") -> PS NS | R21: =VLOOKUP(N21,'Data Lokasi'!$C$13:$X$593,22,0) -> 0 | S21: =VLOOKUP(N21,'Data Lokasi'!$C$13:$S$593,17,0) -> 44726 | AB21: =VLOOKUP(N13,'Data Lokasi'!$C$13:$D$593,2,0) -> 6.87 | AC21: 1 | AD21: 0.2785
N22: 055K2 | O22: Excamini 90% | P22: =IFERROR(VLOOKUP(N22,[1]Master!$D$542:$K$1797,8,0),"-") -> 4.955 | Q22: =IFERROR(VLOOKUP(N22,[1]Master!$D$542:$I$1797,6,0),"-") -> PS NS | R22: =VLOOKUP(N22,'Data Lokasi'!$C$13:$X$593,22,0) -> 0 | S22: =VLOOKUP(N22,'Data Lokasi'!$C$13:$S$593,17,0) -> 44735 | U22: Sisa Target | V22: =-V20+V18 -> 21.15 | AB22: =VLOOKUP(N14,'Data Lokasi'!$C$13:$D$593,2,0) -> 8.41 | AC22: 0.5 | AD22: 0.2675
C23: * Total Siap Nanas = Sisa Proses Tanam + Belum Drop + Blm Exa + Blm Pre + Blm Pre & Exa | N23: 062G2 | P23: =IFERROR(VLOOKUP(N23,[1]Master!$D$542:$K$1797,8,0),"-") -> 4.445 | Q23: =IFERROR(VLOOKUP(N23,[1]Master!$D$542:$I$1797,6,0),"-") -> 0 | R23: =VLOOKUP(N23,'Data Lokasi'!$C$13:$X$593,22,0) -> 0 | S23: =VLOOKUP(N23,'Data Lokasi'!$C$13:$S$593,17,0) -> 44733 | AB23: =VLOOKUP(N15,'Data Lokasi'!$C$13:$D$593,2,0) -> 11.75 | AC23: 0 | AD23: 12.9485
N24: 067A | P24: =IFERROR(VLOOKUP(N24,[1]Master!$D$542:$K$1797,8,0),"-") -> 0 | Q24: =IFERROR(VLOOKUP(N24,[1]Master!$D$542:$I$1797,6,0),"-") -> PS NS NS NS | R24: =VLOOKUP(N24,'Data Lokasi'!$C$13:$X$593,22,0) -> 0 | S24: =VLOOKUP(N24,'Data Lokasi'!$C$13:$S$593,17,0) -> 44732 | AB24: =VLOOKUP(N16,'Data Lokasi'!$C$13:$D$593,2,0) -> 7.07 | AC24: 0 | AD24: 4.89
N25: 069C5 | P25: =IFERROR(VLOOKUP(N25,[1]Master!$D$542:$K$1797,8,0),"-") -> 4.845 | Q25: =IFERROR(VLOOKUP(N25,[1]Master!$D$542:$I$1797,6,0),"-") -> 0 | R25: =VLOOKUP(N25,'Data Lokasi'!$C$13:$X$593,22,0) -> 0 | S25: =VLOOKUP(N25,'Data Lokasi'!$C$13:$S$593,17,0) -> 44730 | U25: Stok Ridger | W25: Keterangan | AB25: =VLOOKUP(N17,'Data Lokasi'!$C$13:$D$593,2,0) -> 8.17 | AC25: 0.6 | AD25: 6.942
N26: 073A | P26: =IFERROR(VLOOKUP(N26,[1]Master!$D$542:$K$1797,8,0),"-") -> 4.815 | Q26: =IFERROR(VLOOKUP(N26,[1]Master!$D$542:$I$1797,6,0),"-") -> PS NT NS NS | R26: =VLOOKUP(N26,'Data Lokasi'!$C$13:$X$593,22,0) -> 0 | S26: =VLOOKUP(N26,'Data Lokasi'!$C$13:$S$593,17,0) -> 44748 | U26: 072F | V26: 9.84 | W26: Saluran Hari Ini | AB26: =VLOOKUP(N18,'Data Lokasi'!$C$13:$D$593,2,0) -> 8.45 | AC26: 0.85 | AD26: 0
N27: 076I | O27: Excamini 20% | P27: =IFERROR(VLOOKUP(N27,[1]Master!$D$542:$K$1797,8,0),"-") -> 0 | Q27: =IFERROR(VLOOKUP(N27,[1]Master!$D$542:$I$1797,6,0),"-") -> 0 | R27: =VLOOKUP(N27,'Data Lokasi'!$C$13:$X$593,22,0) -> 0 | S27: =VLOOKUP(N27,'Data Lokasi'!$C$13:$S$593,17,0) -> 44750 | U27: Total | V27: =SUM(V26:V26) -> 9.84 | AB27: =VLOOKUP(N19,'Data Lokasi'!$C$13:$D$593,2,0) -> 10.1 | AC27: 1 | AD27: 6.42
N28: 083A1 | P28: =IFERROR(VLOOKUP(N28,[1]Master!$D$542:$K$1797,8,0),"-") -> 4.425 | Q28: =IFERROR(VLOOKUP(N28,[1]Master!$D$542:$I$1797,6,0),"-") -> 0 | R28: =VLOOKUP(N28,'Data Lokasi'!$C$13:$X$593,22,0) -> 0 | S28: =VLOOKUP(N28,'Data Lokasi'!$C$13:$S$593,17,0) -> 44728 | AB28: =VLOOKUP(N20,'Data Lokasi'!$C$13:$D$593,2,0) -> 5.57 | AC28: 0.9 | AD28: 0
N29: 084D | P29: =IFERROR(VLOOKUP(N29,[1]Master!$D$542:$K$1797,8,0),"-") -> 4.785 | Q29: =IFERROR(VLOOKUP(N29,[1]Master!$D$542:$I$1797,6,0),"-") -> 0 | R29: =VLOOKUP(N29,'Data Lokasi'!$C$13:$X$593,22,0) -> 0 | S29: =VLOOKUP(N29,'Data Lokasi'!$C$13:$S$593,17,0) -> 44713 | AB29: =VLOOKUP(N21,'Data Lokasi'!$C$13:$D$593,2,0) -> 6.38 | AC29: 0.9 | AD29: 9.936
N30: 094C | P30: =IFERROR(VLOOKUP(N30,[1]Master!$D$542:$K$1797,8,0),"-") -> 4.58 | Q30: =IFERROR(VLOOKUP(N30,[1]Master!$D$542:$I$1797,6,0),"-") -> 0 | R30: =VLOOKUP(N30,'Data Lokasi'!$C$13:$X$593,22,0) -> 0 | S30: =VLOOKUP(N30,'Data Lokasi'!$C$13:$S$593,17,0) -> 44725 | AB30: =VLOOKUP(N22,'Data Lokasi'!$C$13:$D$593,2,0) -> 5.35 | AC30: 1 | AD30: 11.62
N31: 094H | P31: =IFERROR(VLOOKUP(N31,[1]Master!$D$542:$K$1797,8,0),"-") -> 4.825 | Q31: =IFERROR(VLOOKUP(N31,[1]Master!$D$542:$I$1797,6,0),"-") -> 0 | R31: =VLOOKUP(N31,'Data Lokasi'!$C$13:$X$593,22,0) -> 0 | S31: =VLOOKUP(N31,'Data Lokasi'!$C$13:$S$593,17,0) -> 44726 | AB31: =VLOOKUP(N23,'Data Lokasi'!$C$13:$D$593,2,0) -> 4.89 | AC31: 1 | AD31: 8.21
N32: 094B1 | P32: =IFERROR(VLOOKUP(N32,[1]Master!$D$542:$K$1797,8,0),"-") -> 4.56 | Q32: =IFERROR(VLOOKUP(N32,[1]Master!$D$542:$I$1797,6,0),"-") -> 0 | R32: =VLOOKUP(N32,'Data Lokasi'!$C$13:$X$593,22,0) -> 0 | S32: =VLOOKUP(N32,'Data Lokasi'!$C$13:$S$593,17,0) -> 44737 | AB32: =VLOOKUP(N24,'Data Lokasi'!$C$13:$D$593,2,0) -> 11.57 | AC32: 1 | AD32: 7.49
N33: 095D | P33: =IFERROR(VLOOKUP(N33,[1]Master!$D$542:$K$1797,8,0),"-") -> 4.46 | Q33: =IFERROR(VLOOKUP(N33,[1]Master!$D$542:$I$1797,6,0),"-") -> 0 | R33: =VLOOKUP(N33,'Data Lokasi'!$C$13:$X$593,22,0) -> 0 | S33: =VLOOKUP(N33,'Data Lokasi'!$C$13:$S$593,17,0) -> 44749 | AB33: =VLOOKUP(N25,'Data Lokasi'!$C$13:$D$593,2,0) -> 10.05 | AC33: 1 | AD33: 3.796
N34: 097A1 | P34: =IFERROR(VLOOKUP(N34,[1]Master!$D$542:$K$1797,8,0),"-") -> 4.525 | Q34: =IFERROR(VLOOKUP(N34,[1]Master!$D$542:$I$1797,6,0),"-") -> 0 | R34: =VLOOKUP(N34,'Data Lokasi'!$C$13:$X$593,22,0) -> 0 | S34: =VLOOKUP(N34,'Data Lokasi'!$C$13:$S$593,17,0) -> 44721 | AB34: =VLOOKUP(N26,'Data Lokasi'!$C$13:$D$593,2,0) -> 6.42 | AC34: 1 | AD34: 7.19
N35: Total | R35: =SUM(R8:R34) -> 0 | S35: Ha | AB35: =VLOOKUP(N27,'Data Lokasi'!$C$13:$D$593,2,0) -> 5.48 | AC35: 0.2 | AD35: 8.14
R36: * Proses Tanam per | S36: =J8-1 -> 46307.615 | AB36: =VLOOKUP(N28,'Data Lokasi'!$C$13:$D$593,2,0) -> 3.44 | AC36: 1 | AD36: 7.51
N37: Siap Drop | R37: Wil. Timur | S37: Wil. Barat | AB37: =VLOOKUP(N29,'Data Lokasi'!$C$13:$D$593,2,0) -> 12.42 | AC37: 1 | AD37: 10.242
N38: Belum Drop | R38: =SUM(R5:R5) -> 0 | AB38: =VLOOKUP(N30,'Data Lokasi'!$C$13:$D$593,2,0) -> 8.21 | AC38: 1 | AD38: 10.242
N39: Sisa Proses Tanam | R39: =SUM(R8:R23) -> 0 | S39: =SUM(R24:R34) -> 0 | AB39: =VLOOKUP(N31,'Data Lokasi'!$C$13:$D$593,2,0) -> 5.84 | AC39: 1 | AD39: 10.242
N40: Sub Total | R40: =SUM(R38:R39) -> 0 | S40: =SUM(S38:S39) -> 0
N41: Total | R41: =SUM(R40:S40) -> 0 | S41: Ha
AB42: =SUM(AB16:AB41) -> 185.41 | AD42: =SUM(AD16:AD41) -> 157.9235

Sheet Data Lokasi
A1: s | I1: 9 | K1: 9 | S1: 17 | T1: 18
B2: Monitor Siap Nanas PG1
B4: Total Lhn Siap Tnm | D4: Per | E4: =NOW() -> 46308.615 | G4: =G9+Q9 -> 228.54 | I4: Ha
B5: Siap Tanam ( Sudah Pre + Examini ) | K5: Siap Tanam ( Belum Pre + Examini )
B6: - Sudah Tanam Bulan Ini | G6: =SUMPRODUCT($W$14:$W$2288,$R$14:$R$2288) -> 51.15 | I6: Ha | K6: - Belum Pre | Q6: =SUMPRODUCT($X$1:$X$2288,$L$1:$L$2288)-Q8 -> 0 | S6: Ha
B7: - Sisa Proses Tanam | G7: =SUMPRODUCT($X$14:$X$2288,$R$14:$R$2288) -> 15.64 | I7: Ha | K7: - Belum Examini | Q7: =SUMPRODUCT($X$1:$X$2288,$J$1:$J$2288)-SUMPRODUCT($X:$X,$M:$M) -> 212.9 | S7: Ha
B8: - Siap Drop | G8: =SUMPRODUCT($X$14:$X$2288,$O$14:$O$2288)-SUMPRODUCT($X$14:$X$2288,$R$14:$R$2288) -> 0 | I8: Ha | K8: - Belum Pre dan examini | Q8: =SUMPRODUCT($X2:$X2287,$M2:$M2287) -> 0 | S8: Ha
B9: Sub Total | G9: =SUM(G7:G8) -> 15.64 | I9: Ha | K9: Sub Total | Q9: =SUM(Q6:Q8) -> 212.9 | S9: Ha | AR9: ALL
B11: * Kuning berarti Masih Proses | G11: * Total Siap Nanas = Sisa Proses Tanam + Siap Drop + Blm Exa + Blm Pre + Blm Pre & Exa | V11: * Orange rencana selesai bulan ini | AH11: Hasil Inputan Laporan Mandor | AR11: Update Dari Mbak Mimin | AU11: BARAT | AX11: TOTAL | BA11: Update
B13: Wil. | C13: Lokasi | D13: Netto | E13: Ridger | G13: Jln & Saluran | I13: Examini | K13: Pree | N13: Siap Drop | Q13: Selesai Tanam | S13: Tgl Mulai Tanam | T13: Tgl Selesai Tanam | V13: Luas Sudah Tanam All | W13: Tanam Bulan Ini | X13: Sisa lahan | Y13: Eks | Z13: Tanam % | AA13: Tanggal Dolomite | AB13: Hari Stlh Dolomite | AC13: Peta | AD13: Tgl Selesai Tanam | AF13: Akum sd 12 Okt | AG13: RTN 12 | AH13: 46307 | AI13: =AH13+1 -> 46308 | AJ13: =AI13+1 -> 46309 | AK13: =AJ13+1 -> 46310 | AL13: =AK13+1 -> 46311 | AM13: =AL13+1 -> 46312 | AO13: Akum sd Sekarang | AP13: Manual | AR13: RTN 12 | AS13: Selisih | AU13: RTN 11 | AV13: Selisih | AX13: RTN 12 | AY13: Selisih | BA13: Lokasi Asal Bibit
B15: W01 | C15: 002A2 | D15: 6.02 | E15: 46253 | G15: 46254 | I15: =+G15 -> 46254 | J15: =IF(I15>0,0,1) -> 0 | K15: 46268 | M15: =IF(AND(J15>0,L15>0),1,0) -> 0 | N15: =IF(AND(I15>0,K15>0),MAX(I15:K15)+1,"") -> 46269 | O15: =IF(N15>0,1,0) -> 1 | P15: =IF(O15>0,0,1) -> 0 | Q15: =IF(T15>0,"Selesai","Proses") -> Proses | R15: =IF(Q15="proses",1,0) -> 1 | S15: 46271 | V15: =AO15 -> 6.02 | W15: =AP15 -> 0.05 | X15: =IF(G15=0,"",D15-V15) -> -8.8817842e-16 | Y15: =VLOOKUP($C15,[2]Nanas!$C$1336:$G$1420,5,0) -> PS | Z15: =1-X15/D15 -> 1 | AC15: Sudah | AD15: 46296 | AF15: =IFERROR(VLOOKUP($C15,[3]Real!$B$11:$Y$28,20,0),"") -> 6.02 | AG15: =IFERROR(VLOOKUP($C15,[3]Real!$B$11:$Y$28,18,0),"") -> 0.05 | AH15: =SUMIFS('Input Real Tanam&Petik Nanas'!$J:$J,'Input Real Tanam&Petik Nanas'!$C:$C,$C15,'Input Real Tanam&Petik Nanas'!$B:$B,'Data Lokasi'!AH$13) -> 0 | AI15: =SUMIFS('Input Real Tanam&Petik Nanas'!$J:$J,'Input Real Tanam&Petik Nanas'!$C:$C,$C15,'Input Real Tanam&Petik Nanas'!$B:$B,'Data Lokasi'!AI$13) -> 0 | AJ15: =SUMIFS('Input Real Tanam&Petik Nanas'!$J:$J,'Input Real Tanam&Petik Nanas'!$C:$C,$C15,'Input Real Tanam&Petik Nanas'!$B:$B,'Data Lokasi'!AJ$13) -> 0 | AK15: =SUMIFS('Input Real Tanam&Petik Nanas'!$J:$J,'Input Real Tanam&Petik Nanas'!$C:$C,$C15,'Input Real Tanam&Petik Nanas'!$B:$B,'Data Lokasi'!AK$13) -> 0 | AL15: =SUMIFS('Input Real Tanam&Petik Nanas'!$J:$J,'Input Real Tanam&Petik Nanas'!$C:$C,$C15,'Input Real Tanam&Petik Nanas'!$B:$B,'Data Lokasi'!AL$13) -> 0 | AM15: =SUMIFS('Input Real Tanam&Petik Nanas'!$J:$J,'Input Real Tanam&Petik Nanas'!$C:$C,$C15,'Input Real Tanam&Petik Nanas'!$B:$B,'Data Lokasi'!AM$13) -> 0 | AO15: =IFERROR(AF15+AI15+AJ15+AK15+AL15+AM15,"") -> 6.02 | AP15: =IFERROR(AG15+AI15+AJ15+AK15+AL15+AM15,"") -> 0.05 | AR15: =IFERROR(VLOOKUP($C15,[3]Real!$B$11:$Y$28,18,0),"") -> 0.05 | AS15: =IFERROR(IF(AR15-AP15=0,"",(AR15-AP15)),"") | BA15: 055F1,032A,031B1,031B2
B16: W02 | C16: 024B | D16: 8.76 | E16: 46244 | G16: 46245 | I16: =+G16 -> 46245 | J16: =IF(I16>0,0,1) -> 0 | K16: 46269 | M16: =IF(AND(J16>0,L16>0),1,0) -> 0 | N16: =IF(AND(I16>0,K16>0),MAX(I16:K16)+1,"") -> 46270 | O16: =IF(N16>0,1,0) -> 1 | P16: =IF(O16>0,0,1) -> 0 | Q16: =IF(T16>0,"Selesai","Proses") -> Proses | R16: =IF(Q16="proses",1,0) -> 1 | S16: 46281 | V16: =AO16 -> 8.76 | W16: =AP16 -> 0.05 | X16: =IF(G16=0,"",D16-V16) -> 0 | Y16: =VLOOKUP($C16,[4]Nanas!$C$1336:$G$1416,5,0) -> RC | Z16: =1-X16/D16 -> 1 | AA16: =INDEX([5]Nanas!$M$1336:$M$1444,MATCH($C16,[5]Nanas!$C$1336:$C$1444,0)) -> 46205 | AB16: =S16-AA16 -> 76 | AC16: Sudah | AF16: =IFERROR(VLOOKUP($C16,[3]Real!$B$11:$Y$28,20,0),"") -> 8.76 | AG16: =IFERROR(VLOOKUP($C16,[3]Real!$B$11:$Y$28,18,0),"") -> 0.05 | AH16: =SUMIFS('Input Real Tanam&Petik Nanas'!$J:$J,'Input Real Tanam&Petik Nanas'!$C:$C,$C16,'Input Real Tanam&Petik Nanas'!$B:$B,'Data Lokasi'!AH$13) -> 0 | AI16: =SUMIFS('Input Real Tanam&Petik Nanas'!$J:$J,'Input Real Tanam&Petik Nanas'!$C:$C,$C16,'Input Real Tanam&Petik Nanas'!$B:$B,'Data Lokasi'!AI$13) -> 0 | AJ16: =SUMIFS('Input Real Tanam&Petik Nanas'!$J:$J,'Input Real Tanam&Petik Nanas'!$C:$C,$C16,'Input Real Tanam&Petik Nanas'!$B:$B,'Data Lokasi'!AJ$13) -> 0 | AK16: =SUMIFS('Input Real Tanam&Petik Nanas'!$J:$J,'Input Real Tanam&Petik Nanas'!$C:$C,$C16,'Input Real Tanam&Petik Nanas'!$B:$B,'Data Lokasi'!AK$13) -> 0 | AL16: =SUMIFS('Input Real Tanam&Petik Nanas'!$J:$J,'Input Real Tanam&Petik Nanas'!$C:$C,$C16,'Input Real Tanam&Petik Nanas'!$B:$B,'Data Lokasi'!AL$13) -> 0 | AM16: =SUMIFS('Input Real Tanam&Petik Nanas'!$J:$J,'Input Real Tanam&Petik Nanas'!$C:$C,$C16,'Input Real Tanam&Petik Nanas'!$B:$B,'Data Lokasi'!AM$13) -> 0 | AO16: =IFERROR(AF16+AI16+AJ16+AK16+AL16+AM16,"") -> 8.76 | AP16: =IFERROR(AG16+AI16+AJ16+AK16+AL16+AM16,"") -> 0.05 | AR16: =IFERROR(VLOOKUP($C16,[3]Real!$B$11:$Y$28,18,0),"") -> 0.05 | AS16: =IFERROR(IF(AR16-AP16=0,"",(AR16-AP16)),"") | BA16: 080F9,030C,066Q
B17: W06 | C17: 078I | D17: 5.05 | E17: 46262 | G17: 46263 | I17: =+G17 -> 46263 | J17: =IF(I17>0,0,1) -> 0 | K17: 46270 | M17: =IF(AND(J17>0,L17>0),1,0) -> 0 | N17: =IF(AND(I17>0,K17>0),MAX(I17:K17)+1,"") -> 46271 | O17: =IF(N17>0,1,0) -> 1 | P17: =IF(O17>0,0,1) -> 0 | Q17: =IF(T17>0,"Selesai","Proses") -> Proses | R17: =IF(Q17="proses",1,0) -> 1 | S17: 46276 | V17: =AO17 -> 5.05 | W17: =AP17 -> 0.25 | X17: =IF(G17=0,"",D17-V17) -> 0 | Y17: RC | Z17: =1-X17/D17 -> 1 | AA17: =INDEX([5]Nanas!$M$1336:$M$1444,MATCH($C17,[5]Nanas!$C$1336:$C$1444,0)) -> 46230 | AB17: =S17-AA17 -> 46 | AC17: Sudah | AF17: =IFERROR(VLOOKUP($C17,[3]Real!$B$11:$Y$28,20,0),"") -> 5.05 | AG17: =IFERROR(VLOOKUP($C17,[3]Real!$B$11:$Y$28,18,0),"") -> 0.25 | AH17: =SUMIFS('Input Real Tanam&Petik Nanas'!$J:$J,'Input Real Tanam&Petik Nanas'!$C:$C,$C17,'Input Real Tanam&Petik Nanas'!$B:$B,'Data Lokasi'!AH$13) -> 0 | AI17: =SUMIFS('Input Real Tanam&Petik Nanas'!$J:$J,'Input Real Tanam&Petik Nanas'!$C:$C,$C17,'Input Real Tanam&Petik Nanas'!$B:$B,'Data Lokasi'!AI$13) -> 0 | AJ17: =SUMIFS('Input Real Tanam&Petik Nanas'!$J:$J,'Input Real Tanam&Petik Nanas'!$C:$C,$C17,'Input Real Tanam&Petik Nanas'!$B:$B,'Data Lokasi'!AJ$13) -> 0 | AK17: =SUMIFS('Input Real Tanam&Petik Nanas'!$J:$J,'Input Real Tanam&Petik Nanas'!$C:$C,$C17,'Input Real Tanam&Petik Nanas'!$B:$B,'Data Lokasi'!AK$13) -> 0 | AL17: =SUMIFS('Input Real Tanam&Petik Nanas'!$J:$J,'Input Real Tanam&Petik Nanas'!$C:$C,$C17,'Input Real Tanam&Petik Nanas'!$B:$B,'Data Lokasi'!AL$13) -> 0 | AM17: =SUMIFS('Input Real Tanam&Petik Nanas'!$J:$J,'Input Real Tanam&Petik Nanas'!$C:$C,$C17,'Input Real Tanam&Petik Nanas'!$B:$B,'Data Lokasi'!AM$13) -> 0 | AO17: =IFERROR(AF17+AI17+AJ17+AK17+AL17+AM17,"") -> 5.05 | AP17: =IFERROR(AG17+AI17+AJ17+AK17+AL17+AM17,"") -> 0.25 | AR17: =IFERROR(VLOOKUP($C17,[3]Real!$B$11:$Y$28,18,0),"") -> 0.25 | AS17: =IFERROR(IF(AR17-AP17=0,"",(AR17-AP17)),"") | BA17: 094F,089E,089F,096J2
B18: W03 | C18: 061E1 | D18: 3.85 | E18: 46272 | G18: 46273 | I18: =+G18 -> 46273 | J18: =IF(I18>0,0,1) -> 0 | K18: 46283 | M18: =IF(AND(J18>0,L18>0),1,0) -> 0 | N18: =IF(AND(I18>0,K18>0),MAX(I18:K18)+1,"") -> 46284 | O18: =IF(N18>0,1,0) -> 1 | P18: =IF(O18>0,0,1) -> 0 | Q18: =IF(T18>0,"Selesai","Proses") -> Proses | R18: =IF(Q18="proses",1,0) -> 1 | S18: 46288 | V18: =AO18 -> 3.85 | W18: =AP18 -> 0.03 | X18: =IF(G18=0,"",D18-V18) -> 4.4408921e-16 | Y18: =INDEX([6]Nanas!$G$1429:$G$1436,MATCH($C18,[6]Nanas!$C$1429:$C$1436,0)) -> RC | Z18: =1-X18/D18 -> 1 | AA18: =INDEX([5]Nanas!$M$1336:$M$1444,MATCH($C18,[5]Nanas!$C$1336:$C$1444,0)) -> 46205 | AB18: =$E$4-AA18 -> 103.61513 | AC18: Sudah | AF18: =IFERROR(VLOOKUP($C18,[3]Real!$B$11:$Y$28,20,0),"") -> 3.85 | AG18: =IFERROR(VLOOKUP($C18,[3]Real!$B$11:$Y$28,18,0),"") -> 0.03 | AH18: =SUMIFS('Input Real Tanam&Petik Nanas'!$J:$J,'Input Real Tanam&Petik Nanas'!$C:$C,$C18,'Input Real Tanam&Petik Nanas'!$B:$B,'Data Lokasi'!AH$13) -> 0 | AI18: =SUMIFS('Input Real Tanam&Petik Nanas'!$J:$J,'Input Real Tanam&Petik Nanas'!$C:$C,$C18,'Input Real Tanam&Petik Nanas'!$B:$B,'Data Lokasi'!AI$13) -> 0 | AJ18: =SUMIFS('Input Real Tanam&Petik Nanas'!$J:$J,'Input Real Tanam&Petik Nanas'!$C:$C,$C18,'Input Real Tanam&Petik Nanas'!$B:$B,'Data Lokasi'!AJ$13) -> 0 | AK18: =SUMIFS('Input Real Tanam&Petik Nanas'!$J:$J,'Input Real Tanam&Petik Nanas'!$C:$C,$C18,'Input Real Tanam&Petik Nanas'!$B:$B,'Data Lokasi'!AK$13) -> 0 | AL18: =SUMIFS('Input Real Tanam&Petik Nanas'!$J:$J,'Input Real Tanam&Petik Nanas'!$C:$C,$C18,'Input Real Tanam&Petik Nanas'!$B:$B,'Data Lokasi'!AL$13) -> 0 | AM18: =SUMIFS('Input Real Tanam&Petik Nanas'!$J:$J,'Input Real Tanam&Petik Nanas'!$C:$C,$C18,'Input Real Tanam&Petik Nanas'!$B:$B,'Data Lokasi'!AM$13) -> 0 | AO18: =IFERROR(AF18+AI18+AJ18+AK18+AL18+AM18,"") -> 3.85 | AP18: =IFERROR(AG18+AI18+AJ18+AK18+AL18+AM18,"") -> 0.03 | AR18: =IFERROR(VLOOKUP($C18,[3]Real!$B$11:$Y$28,18,0),"") -> 0.03 | AS18: =IFERROR(IF(AR18-AP18=0,"",(AR18-AP18)),"") | BA18: 003A,005D,059D
B19: W03 | C19: 061E2 | D19: 6.01 | E19: 46272 | G19: 46273 | I19: =+G19 -> 46273 | J19: =IF(I19>0,0,1) -> 0 | K19: 46283 | M19: =IF(AND(J19>0,L19>0),1,0) -> 0 | N19: =IF(AND(I19>0,K19>0),MAX(I19:K19)+1,"") -> 46284 | O19: =IF(N19>0,1,0) -> 1 | P19: =IF(O19>0,0,1) -> 0 | Q19: =IF(T19>0,"Selesai","Proses") -> Proses | R19: =IF(Q19="proses",1,0) -> 1 | S19: 46291 | V19: =AO19 -> 6.01 | W19: =AP19 -> 0.12 | X19: =IF(G19=0,"",D19-V19) -> -8.8817842e-16 | Y19: =INDEX([6]Nanas!$G$1429:$G$1436,MATCH($C19,[6]Nanas!$C$1429:$C$1436,0)) -> RC | Z19: =1-X19/D19 -> 1 | AA19: =INDEX([5]Nanas!$M$1336:$M$1444,MATCH($C19,[5]Nanas!$C$1336:$C$1444,0)) -> 46238 | AB19: =$E$4-AA19 -> 70.615134 | AC19: Sudah | AF19: =IFERROR(VLOOKUP($C19,[3]Real!$B$11:$Y$28,20,0),"") -> 6.01 | AG19: =IFERROR(VLOOKUP($C19,[3]Real!$B$11:$Y$28,18,0),"") -> 0.12 | AH19: =SUMIFS('Input Real Tanam&Petik Nanas'!$J:$J,'Input Real Tanam&Petik Nanas'!$C:$C,$C19,'Input Real Tanam&Petik Nanas'!$B:$B,'Data Lokasi'!AH$13) -> 0 | AI19: =SUMIFS('Input Real Tanam&Petik Nanas'!$J:$J,'Input Real Tanam&Petik Nanas'!$C:$C,$C19,'Input Real Tanam&Petik Nanas'!$B:$B,'Data Lokasi'!AI$13) -> 0 | AJ19: =SUMIFS('Input Real Tanam&Petik Nanas'!$J:$J,'Input Real Tanam&Petik Nanas'!$C:$C,$C19,'Input Real Tanam&Petik Nanas'!$B:$B,'Data Lokasi'!AJ$13) -> 0 | AK19: =SUMIFS('Input Real Tanam&Petik Nanas'!$J:$J,'Input Real Tanam&Petik Nanas'!$C:$C,$C19,'Input Real Tanam&Petik Nanas'!$B:$B,'Data Lokasi'!AK$13) -> 0 | AL19: =SUMIFS('Input Real Tanam&Petik Nanas'!$J:$J,'Input Real Tanam&Petik Nanas'!$C:$C,$C19,'Input Real Tanam&Petik Nanas'!$B:$B,'Data Lokasi'!AL$13) -> 0 | AM19: =SUMIFS('Input Real Tanam&Petik Nanas'!$J:$J,'Input Real Tanam&Petik Nanas'!$C:$C,$C19,'Input Real Tanam&Petik Nanas'!$B:$B,'Data Lokasi'!AM$13) -> 0 | AO19: =IFERROR(AF19+AI19+AJ19+AK19+AL19+AM19,"") -> 6.01 | AP19: =IFERROR(AG19+AI19+AJ19+AK19+AL19+AM19,"") -> 0.12 | AR19: =IFERROR(VLOOKUP($C19,[3]Real!$B$11:$Y$28,18,0),"") -> 0.12 | AS19: =IFERROR(IF(AR19-AP19=0,"",(AR19-AP19)),"") | BA19: 062F1,062M,052A
B20: W03 | C20: 063E | D20: 6.45 | E20: 46279 | G20: 46280 | I20: =+G20 -> 46280 | J20: =IF(I20>0,0,1) -> 0 | K20: 46289 | M20: =IF(AND(J20>0,L20>0),1,0) -> 0 | N20: =IF(AND(I20>0,K20>0),MAX(I20:K20)+1,"") -> 46290 | O20: =IF(N20>0,1,0) -> 1 | P20: =IF(O20>0,0,1) -> 0 | Q20: =IF(T20>0,"Selesai","Proses") -> Proses | R20: =IF(Q20="proses",1,0) -> 1 | S20: 46299 | V20: =AO20 -> 6.45 | W20: =AP20 -> 6.45 | X20: =IF(G20=0,"",D20-V20) -> -8.8817842e-16 | Y20: RC | Z20: =1-X20/D20 -> 1 | AA20: =INDEX([5]Nanas!$M$1336:$M$1444,MATCH($C20,[5]Nanas!$C$1336:$C$1444,0)) -> 46242 | AB20: =$E$4-AA20 -> 66.615134 | AC20: Sudah | AF20: =IFERROR(VLOOKUP($C20,[3]Real!$B$11:$Y$28,20,0),"") -> 6.45 | AG20: =IFERROR(VLOOKUP($C20,[3]Real!$B$11:$Y$28,18,0),"") -> 6.45 | AH20: =SUMIFS('Input Real Tanam&Petik Nanas'!$J:$J,'Input Real Tanam&Petik Nanas'!$C:$C,$C20,'Input Real Tanam&Petik Nanas'!$B:$B,'Data Lokasi'!AH$13) -> 0.22 | AI20: =SUMIFS('Input Real Tanam&Petik Nanas'!$J:$J,'Input Real Tanam&Petik Nanas'!$C:$C,$C20,'Input Real Tanam&Petik Nanas'!$B:$B,'Data Lokasi'!AI$13) -> 0 | AJ20: =SUMIFS('Input Real Tanam&Petik Nanas'!$J:$J,'Input Real Tanam&Petik Nanas'!$C:$C,$C20,'Input Real Tanam&Petik Nanas'!$B:$B,'Data Lokasi'!AJ$13) -> 0 | AK20: =SUMIFS('Input Real Tanam&Petik Nanas'!$J:$J,'Input Real Tanam&Petik Nanas'!$C:$C,$C20,'Input Real Tanam&Petik Nanas'!$B:$B,'Data Lokasi'!AK$13) -> 0 | AL20: =SUMIFS('Input Real Tanam&Petik Nanas'!$J:$J,'Input Real Tanam&Petik Nanas'!$C:$C,$C20,'Input Real Tanam&Petik Nanas'!$B:$B,'Data Lokasi'!AL$13) -> 0 | AM20: =SUMIFS('Input Real Tanam&Petik Nanas'!$J:$J,'Input Real Tanam&Petik Nanas'!$C:$C,$C20,'Input Real Tanam&Petik Nanas'!$B:$B,'Data Lokasi'!AM$13) -> 0 | AO20: =IFERROR(AF20+AI20+AJ20+AK20+AL20+AM20,"") -> 6.45 | AP20: =IFERROR(AG20+AI20+AJ20+AK20+AL20+AM20,"") -> 6.45 | AR20: =IFERROR(VLOOKUP($C20,[3]Real!$B$11:$Y$28,18,0),"") -> 6.45 | AS20: =IFERROR(IF(AR20-AP20=0,"",(AR20-AP20)),"") | BA20: 004C2,046E,038D1,004C3,038D1
B21: W03 | C21: 064B | D21: 4.19 | E21: 46279 | G21: 46280 | I21: =+G21 -> 46280 | J21: =IF(I21>0,0,1) -> 0 | K21: 46289 | M21: =IF(AND(J21>0,L21>0),1,0) -> 0 | N21: =IF(AND(I21>0,K21>0),MAX(I21:K21)+1,"") -> 46290 | O21: =IF(N21>0,1,0) -> 1 | P21: =IF(O21>0,0,1) -> 0 | Q21: =IF(T21>0,"Selesai","Proses") -> Proses | R21: =IF(Q21="proses",1,0) -> 1 | S21: 46295 | V21: =AO21 -> 4.19 | W21: =AP21 -> 3.72 | X21: =IF(G21=0,"",D21-V21) -> 8.8817842e-16 | Y21: RC | Z21: =1-X21/D21 -> 1 | AA21: =INDEX([5]Nanas!$M$1336:$M$1444,MATCH($C21,[5]Nanas!$C$1336:$C$1444,0)) -> 46242 | AB21: =$E$4-AA21 -> 66.615134 | AC21: Sudah | AF21: =IFERROR(VLOOKUP($C21,[3]Real!$B$11:$Y$28,20,0),"") -> 4.19 | AG21: =IFERROR(VLOOKUP($C21,[3]Real!$B$11:$Y$28,18,0),"") -> 3.72 | AH21: =SUMIFS('Input Real Tanam&Petik Nanas'!$J:$J,'Input Real Tanam&Petik Nanas'!$C:$C,$C21,'Input Real Tanam&Petik Nanas'!$B:$B,'Data Lokasi'!AH$13) -> 0.42 | AI21: =SUMIFS('Input Real Tanam&Petik Nanas'!$J:$J,'Input Real Tanam&Petik Nanas'!$C:$C,$C21,'Input Real Tanam&Petik Nanas'!$B:$B,'Data Lokasi'!AI$13) -> 0 | AJ21: =SUMIFS('Input Real Tanam&Petik Nanas'!$J:$J,'Input Real Tanam&Petik Nanas'!$C:$C,$C21,'Input Real Tanam&Petik Nanas'!$B:$B,'Data Lokasi'!AJ$13) -> 0 | AK21: =SUMIFS('Input Real Tanam&Petik Nanas'!$J:$J,'Input Real Tanam&Petik Nanas'!$C:$C,$C21,'Input Real Tanam&Petik Nanas'!$B:$B,'Data Lokasi'!AK$13) -> 0 | AL21: =SUMIFS('Input Real Tanam&Petik Nanas'!$J:$J,'Input Real Tanam&Petik Nanas'!$C:$C,$C21,'Input Real Tanam&Petik Nanas'!$B:$B,'Data Lokasi'!AL$13) -> 0 | AM21: =SUMIFS('Input Real Tanam&Petik Nanas'!$J:$J,'Input Real Tanam&Petik Nanas'!$C:$C,$C21,'Input Real Tanam&Petik Nanas'!$B:$B,'Data Lokasi'!AM$13) -> 0 | AO21: =IFERROR(AF21+AI21+AJ21+AK21+AL21+AM21,"") -> 4.19 | AP21: =IFERROR(AG21+AI21+AJ21+AK21+AL21+AM21,"") -> 3.72 | AR21: =IFERROR(VLOOKUP($C21,[3]Real!$B$11:$Y$28,18,0),"") -> 3.72 | AS21: =IFERROR(IF(AR21-AP21=0,"",(AR21-AP21)),"") | BA21: 046E,062F
B22: W01 | C22: 002B2 | D22: 10.01 | E22: 46245 | G22: 46253 | I22: =+G22 -> 46253 | J22: =IF(I22>0,0,1) -> 0 | K22: 46268 | M22: =IF(AND(J22>0,L22>0),1,0) -> 0 | N22: =IF(AND(I22>0,K22>0),MAX(I22:K22)+1,"") -> 46269 | O22: =IF(N22>0,1,0) -> 1 | P22: =IF(O22>0,0,1) -> 0 | Q22: =IF(T22>0,"Selesai","Proses") -> Proses | R22: =IF(Q22="proses",1,0) -> 1 | S22: 46284 | V22: =AO22 -> 9.01 | W22: =AP22 -> 4.23 | X22: =IF(G22=0,"",D22-V22) -> 1 | Y22: =VLOOKUP($C22,[4]Nanas!$C$1336:$G$1416,5,0) -> PS | Z22: =1-X22/D22 -> 0.9000999 | AC22: Sudah | AF22: =IFERROR(VLOOKUP($C22,[3]Real!$B$11:$Y$28,20,0),"") -> 8.8 | AG22: =IFERROR(VLOOKUP($C22,[3]Real!$B$11:$Y$28,18,0),"") -> 4.02 | AH22: =SUMIFS('Input Real Tanam&Petik Nanas'!$J:$J,'Input Real Tanam&Petik Nanas'!$C:$C,$C22,'Input Real Tanam&Petik Nanas'!$B:$B,'Data Lokasi'!AH$13) -> 0 | AI22: =SUMIFS('Input Real Tanam&Petik Nanas'!$J:$J,'Input Real Tanam&Petik Nanas'!$C:$C,$C22,'Input Real Tanam&Petik Nanas'!$B:$B,'Data Lokasi'!AI$13) -> 0.21 | AJ22: =SUMIFS('Input Real Tanam&Petik Nanas'!$J:$J,'Input Real Tanam&Petik Nanas'!$C:$C,$C22,'Input Real Tanam&Petik Nanas'!$B:$B,'Data Lokasi'!AJ$13) -> 0 | AK22: =SUMIFS('Input Real Tanam&Petik Nanas'!$J:$J,'Input Real Tanam&Petik Nanas'!$C:$C,$C22,'Input Real Tanam&Petik Nanas'!$B:$B,'Data Lokasi'!AK$13) -> 0 | AL22: =SUMIFS('Input Real Tanam&Petik Nanas'!$J:$J,'Input Real Tanam&Petik Nanas'!$C:$C,$C22,'Input Real Tanam&Petik Nanas'!$B:$B,'Data Lokasi'!AL$13) -> 0 | AM22: =SUMIFS('Input Real Tanam&Petik Nanas'!$J:$J,'Input Real Tanam&Petik Nanas'!$C:$C,$C22,'Input Real Tanam&Petik Nanas'!$B:$B,'Data Lokasi'!AM$13) -> 0 | AO22: =IFERROR(AF22+AI22+AJ22+AK22+AL22+AM22,"") -> 9.01 | AP22: =IFERROR(AG22+AI22+AJ22+AK22+AL22+AM22,"") -> 4.23 | AR22: =IFERROR(VLOOKUP($C22,[3]Real!$B$11:$Y$28,18,0),"") -> 4.02 | AS22: =IFERROR(IF(AR22-AP22=0,"",(AR22-AP22)),"") -> -0.21 | BA22: 073B,075C,031B1,031B2
B23: W01 | C23: 020D | D23: 6.68 | E23: 46282 | G23: 46283 | I23: =+G23 -> 46283 | J23: =IF(I23>0,0,1) -> 0 | K23: 46301 | M23: =IF(AND(J23>0,L23>0),1,0) -> 0 | N23: =IF(AND(I23>0,K23>0),MAX(I23:K23)+1,"") -> 46302 | O23: =IF(N23>0,1,0) -> 1 | P23: =IF(O23>0,0,1) -> 0 | Q23: =IF(T23>0,"Selesai","Proses") -> Proses | R23: =IF(Q23="proses",1,0) -> 1 | S23: 46306 | V23: =AO23 -> 0.58 | W23: =AP23 -> 0.58 | X23: =IF(G23=0,"",D23-V23) -> 6.1 | Y23: RC | Z23: =1-X23/D23 -> 0.086826347 | AA23: =INDEX([5]Nanas!$M$1336:$M$1444,MATCH($C23,[5]Nanas!$C$1336:$C$1444,0)) -> 46248 | AB23: =$E$4-AA23 -> 60.615134 | AC23: Sudah | AF23: =IFERROR(VLOOKUP($C23,[3]Real!$B$11:$Y$28,20,0),"") -> 0.44 | AG23: =IFERROR(VLOOKUP($C23,[3]Real!$B$11:$Y$28,18,0),"") -> 0.44 | AH23: =SUMIFS('Input Real Tanam&Petik Nanas'!$J:$J,'Input Real Tanam&Petik Nanas'!$C:$C,$C23,'Input Real Tanam&Petik Nanas'!$B:$B,'Data Lokasi'!AH$13) -> 0.16 | AI23: =SUMIFS('Input Real Tanam&Petik Nanas'!$J:$J,'Input Real Tanam&Petik Nanas'!$C:$C,$C23,'Input Real Tanam&Petik Nanas'!$B:$B,'Data Lokasi'!AI$13) -> 0.14 | AJ23: =SUMIFS('Input Real Tanam&Petik Nanas'!$J:$J,'Input Real Tanam&Petik Nanas'!$C:$C,$C23,'Input Real Tanam&Petik Nanas'!$B:$B,'Data Lokasi'!AJ$13) -> 0 | AK23: =SUMIFS('Input Real Tanam&Petik Nanas'!$J:$J,'Input Real Tanam&Petik Nanas'!$C:$C,$C23,'Input Real Tanam&Petik Nanas'!$B:$B,'Data Lokasi'!AK$13) -> 0 | AL23: =SUMIFS('Input Real Tanam&Petik Nanas'!$J:$J,'Input Real Tanam&Petik Nanas'!$C:$C,$C23,'Input Real Tanam&Petik Nanas'!$B:$B,'Data Lokasi'!AL$13) -> 0 | AM23: =SUMIFS('Input Real Tanam&Petik Nanas'!$J:$J,'Input Real Tanam&Petik Nanas'!$C:$C,$C23,'Input Real Tanam&Petik Nanas'!$B:$B,'Data Lokasi'!AM$13) -> 0 | AO23: =IFERROR(AF23+AI23+AJ23+AK23+AL23+AM23,"") -> 0.58 | AP23: =IFERROR(AG23+AI23+AJ23+AK23+AL23+AM23,"") -> 0.58 | AR23: =IFERROR(VLOOKUP($C23,[3]Real!$B$11:$Y$28,18,0),"") -> 0.44 | AS23: =IFERROR(IF(AR23-AP23=0,"",(AR23-AP23)),"") -> -0.14 | BA23: 049A2,060A
B24: W02 | C24: 013C | D24: 8.09 | E24: 46193 | G24: 46213 | I24: =+G24 -> 46213 | J24: =IF(I24>0,0,1) -> 0 | K24: 46238 | M24: =IF(AND(J24>0,L24>0),1,0) -> 0 | N24: =IF(AND(I24>0,K24>0),MAX(I24:K24)+1,"") -> 46239 | O24: =IF(N24>0,1,0) -> 1 | P24: =IF(O24>0,0,1) -> 0 | Q24: =IF(T24>0,"Selesai","Proses") -> Proses | R24: =IF(Q24="proses",1,0) -> 1 | S24: 46301 | V24: =AO24 -> 7.78 | W24: =AP24 -> 7.78 | X24: =IF(G24=0,"",D24-V24) -> 0.31 | Y24: =VLOOKUP($C24,[4]Nanas!$C$1336:$G$1405,5,0) -> RC | Z24: =1-X24/D24 -> 0.96168109 | AA24: =INDEX([5]Nanas!$M$1336:$M$1444,MATCH($C24,[5]Nanas!$C$1336:$C$1444,0)) -> 46082 | AB24: =$E$4-AA24 -> 226.61513 | AC24: Sudah | AF24: =IFERROR(VLOOKUP($C24,[3]Real!$B$11:$Y$28,20,0),"") -> 7.54 | AG24: =IFERROR(VLOOKUP($C24,[3]Real!$B$11:$Y$28,18,0),"") -> 7.54 | AH24: =SUMIFS('Input Real Tanam&Petik Nanas'!$J:$J,'Input Real Tanam&Petik Nanas'!$C:$C,$C24,'Input Real Tanam&Petik Nanas'!$B:$B,'Data Lokasi'!AH$13) -> 0.22 | AI24: =SUMIFS('Input Real Tanam&Petik Nanas'!$J:$J,'Input Real Tanam&Petik Nanas'!$C:$C,$C24,'Input Real Tanam&Petik Nanas'!$B:$B,'Data Lokasi'!AI$13) -> 0.24 | AJ24: =SUMIFS('Input Real Tanam&Petik Nanas'!$J:$J,'Input Real Tanam&Petik Nanas'!$C:$C,$C24,'Input Real Tanam&Petik Nanas'!$B:$B,'Data Lokasi'!AJ$13) -> 0 | AK24: =SUMIFS('Input Real Tanam&Petik Nanas'!$J:$J,'Input Real Tanam&Petik Nanas'!$C:$C,$C24,'Input Real Tanam&Petik Nanas'!$B:$B,'Data Lokasi'!AK$13) -> 0 | AL24: =SUMIFS('Input Real Tanam&Petik Nanas'!$J:$J,'Input Real Tanam&Petik Nanas'!$C:$C,$C24,'Input Real Tanam&Petik Nanas'!$B:$B,'Data Lokasi'!AL$13) -> 0 | AM24: =SUMIFS('Input Real Tanam&Petik Nanas'!$J:$J,'Input Real Tanam&Petik Nanas'!$C:$C,$C24,'Input Real Tanam&Petik Nanas'!$B:$B,'Data Lokasi'!AM$13) -> 0 | AO24: =IFERROR(AF24+AI24+AJ24+AK24+AL24+AM24,"") -> 7.78 | AP24: =IFERROR(AG24+AI24+AJ24+AK24+AL24+AM24,"") -> 7.78 | AR24: =IFERROR(VLOOKUP($C24,[3]Real!$B$11:$Y$28,18,0),"") -> 7.54 | AS24: =IFERROR(IF(AR24-AP24=0,"",(AR24-AP24)),"") -> -0.24 | BA24: 004C3,020E,027H,027I
B25: W02 | C25: 013F | D25: 7.64 | E25: 46193 | G25: 46213 | I25: =+G25 -> 46213 | J25: =IF(I25>0,0,1) -> 0 | K25: 46238 | M25: =IF(AND(J25>0,L25>0),1,0) -> 0 | N25: =IF(AND(I25>0,K25>0),MAX(I25:K25)+1,"") -> 46239 | O25: =IF(N25>0,1,0) -> 1 | P25: =IF(O25>0,0,1) -> 0 | Q25: =IF(T25>0,"Selesai","Proses") -> Proses | R25: =IF(Q25="proses",1,0) -> 1 | S25: 46302 | V25: =AO25 -> 7.03 | W25: =AP25 -> 7.03 | X25: =IF(G25=0,"",D25-V25) -> 0.61 | Y25: =VLOOKUP($C25,[4]Nanas!$C$1336:$G$1405,5,0) -> RC | Z25: =1-X25/D25 -> 0.92015707 | AA25: =INDEX([5]Nanas!$M$1336:$M$1444,MATCH($C25,[5]Nanas!$C$1336:$C$1444,0)) -> 46012 | AB25: =$E$4-AA25 -> 296.61513 | AC25: Sudah | AF25: =IFERROR(VLOOKUP($C25,[3]Real!$B$11:$Y$28,20,0),"") -> 5.38 | AG25: =IFERROR(VLOOKUP($C25,[3]Real!$B$11:$Y$28,18,0),"") -> 5.38 | AH25: =SUMIFS('Input Real Tanam&Petik Nanas'!$J:$J,'Input Real Tanam&Petik Nanas'!$C:$C,$C25,'Input Real Tanam&Petik Nanas'!$B:$B,'Data Lokasi'!AH$13) -> 1.47 | AI25: =SUMIFS('Input Real Tanam&Petik Nanas'!$J:$J,'Input Real Tanam&Petik Nanas'!$C:$C,$C25,'Input Real Tanam&Petik Nanas'!$B:$B,'Data Lokasi'!AI$13) -> 1.65 | AJ25: =SUMIFS('Input Real Tanam&Petik Nanas'!$J:$J,'Input Real Tanam&Petik Nanas'!$C:$C,$C25,'Input Real Tanam&Petik Nanas'!$B:$B,'Data Lokasi'!AJ$13) -> 0 | AK25: =SUMIFS('Input Real Tanam&Petik Nanas'!$J:$J,'Input Real Tanam&Petik Nanas'!$C:$C,$C25,'Input Real Tanam&Petik Nanas'!$B:$B,'Data Lokasi'!AK$13) -> 0 | AL25: =SUMIFS('Input Real Tanam&Petik Nanas'!$J:$J,'Input Real Tanam&Petik Nanas'!$C:$C,$C25,'Input Real Tanam&Petik Nanas'!$B:$B,'Data Lokasi'!AL$13) -> 0 | AM25: =SUMIFS('Input Real Tanam&Petik Nanas'!$J:$J,'Input Real Tanam&Petik Nanas'!$C:$C,$C25,'Input Real Tanam&Petik Nanas'!$B:$B,'Data Lokasi'!AM$13) -> 0 | AO25: =IFERROR(AF25+AI25+AJ25+AK25+AL25+AM25,"") -> 7.03 | AP25: =IFERROR(AG25+AI25+AJ25+AK25+AL25+AM25,"") -> 7.03 | AR25: =IFERROR(VLOOKUP($C25,[3]Real!$B$11:$Y$28,18,0),"") -> 5.38 | AS25: =IFERROR(IF(AR25-AP25=0,"",(AR25-AP25)),"") -> -1.65 | BA25: 020E
B26: W03 | C26: 063A | D26: 10.65 | E26: 46278 | G26: 46279 | I26: =+G26 -> 46279 | J26: =IF(I26>0,0,1) -> 0 | K26: 46289 | M26: =IF(AND(J26>0,L26>0),1,0) -> 0 | N26: =IF(AND(I26>0,K26>0),MAX(I26:K26)+1,"") -> 46290 | O26: =IF(N26>0,1,0) -> 1 | P26: =IF(O26>0,0,1) -> 0 | Q26: =IF(T26>0,"Selesai","Proses") -> Proses | R26: =IF(Q26="proses",1,0) -> 1 | S26: 46292 | V26: =AO26 -> 10.52 | W26: =AP26 -> 5.47 | X26: =IF(G26=0,"",D26-V26) -> 0.13 | Y26: BB | Z26: =1-X26/D26 -> 0.98779343 | AC26: Sudah | AF26: =IFERROR(VLOOKUP($C26,[3]Real!$B$11:$Y$28,20,0),"") -> 10.44 | AG26: =IFERROR(VLOOKUP($C26,[3]Real!$B$11:$Y$28,18,0),"") -> 5.39 | AH26: =SUMIFS('Input Real Tanam&Petik Nanas'!$J:$J,'Input Real Tanam&Petik Nanas'!$C:$C,$C26,'Input Real Tanam&Petik Nanas'!$B:$B,'Data Lokasi'!AH$13) -> 0 | AI26: =SUMIFS('Input Real Tanam&Petik Nanas'!$J:$J,'Input Real Tanam&Petik Nanas'!$C:$C,$C26,'Input Real Tanam&Petik Nanas'!$B:$B,'Data Lokasi'!AI$13) -> 0.08 | AJ26: =SUMIFS('Input Real Tanam&Petik Nanas'!$J:$J,'Input Real Tanam&Petik Nanas'!$C:$C,$C26,'Input Real Tanam&Petik Nanas'!$B:$B,'Data Lokasi'!AJ$13) -> 0 | AK26: =SUMIFS('Input Real Tanam&Petik Nanas'!$J:$J,'Input Real Tanam&Petik Nanas'!$C:$C,$C26,'Input Real Tanam&Petik Nanas'!$B:$B,'Data Lokasi'!AK$13) -> 0 | AL26: =SUMIFS('Input Real Tanam&Petik Nanas'!$J:$J,'Input Real Tanam&Petik Nanas'!$C:$C,$C26,'Input Real Tanam&Petik Nanas'!$B:$B,'Data Lokasi'!AL$13) -> 0 | AM26: =SUMIFS('Input Real Tanam&Petik Nanas'!$J:$J,'Input Real Tanam&Petik Nanas'!$C:$C,$C26,'Input Real Tanam&Petik Nanas'!$B:$B,'Data Lokasi'!AM$13) -> 0 | AO26: =IFERROR(AF26+AI26+AJ26+AK26+AL26+AM26,"") -> 10.52 | AP26: =IFERROR(AG26+AI26+AJ26+AK26+AL26+AM26,"") -> 5.47 | AR26: =IFERROR(VLOOKUP($C26,[3]Real!$B$11:$Y$28,18,0),"") -> 5.39 | AS26: =IFERROR(IF(AR26-AP26=0,"",(AR26-AP26)),"") -> -0.08 | BA26: 052A,062F1,062M
B27: W04 | C27: 050A1 | D27: 7.19 | E27: 46281 | G27: 46282 | I27: =+G27 -> 46282 | J27: =IF(I27>0,0,1) -> 0 | K27: 46289 | M27: =IF(AND(J27>0,L27>0),1,0) -> 0 | N27: =IF(AND(I27>0,K27>0),MAX(I27:K27)+1,"") -> 46290 | O27: =IF(N27>0,1,0) -> 1 | P27: =IF(O27>0,0,1) -> 0 | Q27: =IF(T27>0,"Selesai","Proses") -> Proses | R27: =IF(Q27="proses",1,0) -> 1 | S27: 46290 | V27: =AO27 -> 6.82 | W27: =AP27 -> 2.93 | X27: =IF(G27=0,"",D27-V27) -> 0.37 | Y27: PS | Z27: =1-X27/D27 -> 0.94853964 | AC27: Sudah | AF27: =IFERROR(VLOOKUP($C27,[3]Real!$B$11:$Y$28,20,0),"") -> 6.82 | AG27: =IFERROR(VLOOKUP($C27,[3]Real!$B$11:$Y$28,18,0),"") -> 2.93 | AH27: =SUMIFS('Input Real Tanam&Petik Nanas'!$J:$J,'Input Real Tanam&Petik Nanas'!$C:$C,$C27,'Input Real Tanam&Petik Nanas'!$B:$B,'Data Lokasi'!AH$13) -> 0 | AI27: =SUMIFS('Input Real Tanam&Petik Nanas'!$J:$J,'Input Real Tanam&Petik Nanas'!$C:$C,$C27,'Input Real Tanam&Petik Nanas'!$B:$B,'Data Lokasi'!AI$13) -> 0 | AJ27: =SUMIFS('Input Real Tanam&Petik Nanas'!$J:$J,'Input Real Tanam&Petik Nanas'!$C:$C,$C27,'Input Real Tanam&Petik Nanas'!$B:$B,'Data Lokasi'!AJ$13) -> 0 | AK27: =SUMIFS('Input Real Tanam&Petik Nanas'!$J:$J,'Input Real Tanam&Petik Nanas'!$C:$C,$C27,'Input Real Tanam&Petik Nanas'!$B:$B,'Data Lokasi'!AK$13) -> 0 | AL27: =SUMIFS('Input Real Tanam&Petik Nanas'!$J:$J,'Input Real Tanam&Petik Nanas'!$C:$C,$C27,'Input Real Tanam&Petik Nanas'!$B:$B,'Data Lokasi'!AL$13) -> 0 | AM27: =SUMIFS('Input Real Tanam&Petik Nanas'!$J:$J,'Input Real Tanam&Petik Nanas'!$C:$C,$C27,'Input Real Tanam&Petik Nanas'!$B:$B,'Data Lokasi'!AM$13) -> 0 | AO27: =IFERROR(AF27+AI27+AJ27+AK27+AL27+AM27,"") -> 6.82 | AP27: =IFERROR(AG27+AI27+AJ27+AK27+AL27+AM27,"") -> 2.93 | AR27: =IFERROR(VLOOKUP($C27,[3]Real!$B$11:$Y$28,18,0),"") -> 2.93 | AS27: =IFERROR(IF(AR27-AP27=0,"",(AR27-AP27)),"") | BA27: 075C,074C
B28: W06 | C28: 077A | D28: 9.22 | E28: 46267 | G28: 46268 | I28: =+G28 -> 46268 | J28: =IF(I28>0,0,1) -> 0 | K28: 46303 | M28: =IF(AND(J28>0,L28>0),1,0) -> 0 | N28: =IF(AND(I28>0,K28>0),MAX(I28:K28)+1,"") -> 46304 | O28: =IF(N28>0,1,0) -> 1 | P28: =IF(O28>0,0,1) -> 0 | Q28: =IF(T28>0,"Selesai","Proses") -> Proses | R28: =IF(Q28="proses",1,0) -> 1 | S28: 46304 | V28: =AO28 -> 5.34 | W28: =AP28 -> 5.34 | X28: =IF(G28=0,"",D28-V28) -> 3.88 | Y28: =INDEX([6]Nanas!$G$1429:$G$1436,MATCH($C28,[6]Nanas!$C$1429:$C$1436,0)) -> RC | Z28: =1-X28/D28 -> 0.5791757 | AA28: =INDEX([5]Nanas!$M$1336:$M$1444,MATCH($C28,[5]Nanas!$C$1336:$C$1444,0)) -> 46237 | AB28: =$E$4-AA28 -> 71.615134 | AC28: Sudah | AF28: =IFERROR(VLOOKUP($C28,[3]Real!$B$11:$Y$28,20,0),"") -> 4.39 | AG28: =IFERROR(VLOOKUP($C28,[3]Real!$B$11:$Y$28,18,0),"") -> 4.39 | AH28: =SUMIFS('Input Real Tanam&Petik Nanas'!$J:$J,'Input Real Tanam&Petik Nanas'!$C:$C,$C28,'Input Real Tanam&Petik Nanas'!$B:$B,'Data Lokasi'!AH$13) -> 0.56 | AI28: =SUMIFS('Input Real Tanam&Petik Nanas'!$J:$J,'Input Real Tanam&Petik Nanas'!$C:$C,$C28,'Input Real Tanam&Petik Nanas'!$B:$B,'Data Lokasi'!AI$13) -> 0.95 | AJ28: =SUMIFS('Input Real Tanam&Petik Nanas'!$J:$J,'Input Real Tanam&Petik Nanas'!$C:$C,$C28,'Input Real Tanam&Petik Nanas'!$B:$B,'Data Lokasi'!AJ$13) -> 0 | AK28: =SUMIFS('Input Real Tanam&Petik Nanas'!$J:$J,'Input Real Tanam&Petik Nanas'!$C:$C,$C28,'Input Real Tanam&Petik Nanas'!$B:$B,'Data Lokasi'!AK$13) -> 0 | AL28: =SUMIFS('Input Real Tanam&Petik Nanas'!$J:$J,'Input Real Tanam&Petik Nanas'!$C:$C,$C28,'Input Real Tanam&Petik Nanas'!$B:$B,'Data Lokasi'!AL$13) -> 0 | AM28: =SUMIFS('Input Real Tanam&Petik Nanas'!$J:$J,'Input Real Tanam&Petik Nanas'!$C:$C,$C28,'Input Real Tanam&Petik Nanas'!$B:$B,'Data Lokasi'!AM$13) -> 0 | AO28: =IFERROR(AF28+AI28+AJ28+AK28+AL28+AM28,"") -> 5.34 | AP28: =IFERROR(AG28+AI28+AJ28+AK28+AL28+AM28,"") -> 5.34 | AR28: =IFERROR(VLOOKUP($C28,[3]Real!$B$11:$Y$28,18,0),"") -> 4.39 | AS28: =IFERROR(IF(AR28-AP28=0,"",(AR28-AP28)),"") -> -0.95 | BA28: 071B,072L,096J2,091C
B29: W06 | C29: 078E2 | D29: 12.75 | E29: 46242 | G29: 46244 | I29: =+G29 -> 46244 | J29: =IF(I29>0,0,1) -> 0 | K29: 46268 | M29: =IF(AND(J29>0,L29>0),1,0) -> 0 | N29: =IF(AND(I29>0,K29>0),MAX(I29:K29)+1,"") -> 46269 | O29: =IF(N29>0,1,0) -> 1 | P29: =IF(O29>0,0,1) -> 0 | Q29: =IF(T29>0,"Selesai","Proses") -> Proses | R29: =IF(Q29="proses",1,0) -> 1 | S29: 46290 | V29: =AO29 -> 9.51 | W29: =AP29 -> 7.12 | X29: =IF(G29=0,"",D29-V29) -> 3.24 | Y29: =VLOOKUP($C29,[4]Nanas!$C$1336:$G$1416,5,0) -> RC | Z29: =1-X29/D29 -> 0.74588235 | AC29: Sudah | AF29: =IFERROR(VLOOKUP($C29,[3]Real!$B$11:$Y$28,20,0),"") -> 9.08 | AG29: =IFERROR(VLOOKUP($C29,[3]Real!$B$11:$Y$28,18,0),"") -> 6.69 | AH29: =SUMIFS('Input Real Tanam&Petik Nanas'!$J:$J,'Input Real Tanam&Petik Nanas'!$C:$C,$C29,'Input Real Tanam&Petik Nanas'!$B:$B,'Data Lokasi'!AH$13) -> 0.08 | AI29: =SUMIFS('Input Real Tanam&Petik Nanas'!$J:$J,'Input Real Tanam&Petik Nanas'!$C:$C,$C29,'Input Real Tanam&Petik Nanas'!$B:$B,'Data Lokasi'!AI$13) -> 0.43 | AJ29: =SUMIFS('Input Real Tanam&Petik Nanas'!$J:$J,'Input Real Tanam&Petik Nanas'!$C:$C,$C29,'Input Real Tanam&Petik Nanas'!$B:$B,'Data Lokasi'!AJ$13) -> 0 | AK29: =SUMIFS('Input Real Tanam&Petik Nanas'!$J:$J,'Input Real Tanam&Petik Nanas'!$C:$C,$C29,'Input Real Tanam&Petik Nanas'!$B:$B,'Data Lokasi'!AK$13) -> 0 | AL29: =SUMIFS('Input Real Tanam&Petik Nanas'!$J:$J,'Input Real Tanam&Petik Nanas'!$C:$C,$C29,'Input Real Tanam&Petik Nanas'!$B:$B,'Data Lokasi'!AL$13) -> 0 | AM29: =SUMIFS('Input Real Tanam&Petik Nanas'!$J:$J,'Input Real Tanam&Petik Nanas'!$C:$C,$C29,'Input Real Tanam&Petik Nanas'!$B:$B,'Data Lokasi'!AM$13) -> 0 | AO29: =IFERROR(AF29+AI29+AJ29+AK29+AL29+AM29,"") -> 9.51 | AP29: =IFERROR(AG29+AI29+AJ29+AK29+AL29+AM29,"") -> 7.12 | AR29: =IFERROR(VLOOKUP($C29,[3]Real!$B$11:$Y$28,18,0),"") -> 6.69 | AS29: =IFERROR(IF(AR29-AP29=0,"",(AR29-AP29)),"") -> -0.43 | BA29: 016B,077C,052B
F30: =IF(E30>0,1,0) -> 0 | H30: =IF(G30>0,1,0) -> 0 | J30: =IF(I30>0,0,1) -> 1 | L30: =IF(K30>0,0,1) -> 1 | M30: =IF(AND(J30>0,L30>0),1,0) -> 1 | N30: =IF(AND(I30>0,K30>0),MAX(I30:K30)+1,"") | O30: =IF(N30>0,1,0) -> 1 | P30: =IF(O30>0,0,1) -> 0 | R30: =IF(Q30="proses",1,0) -> 0 | U30: =IF(T30>0,1,0) -> 0 | X30: =IF(G30=0,"",D30-V30) | AF30: =SUM(AF15:AF29) -> 93.22 | AG30: =SUM(AG15:AG29) -> 47.45 | AH30: =SUM(AH15:AH29) -> 3.13 | AI30: =SUM(AI15:AI29) -> 3.7 | AJ30: =SUM(AJ15:AJ29) -> 0 | AK30: =SUM(AK15:AK29) -> 0 | AL30: =SUM(AL15:AL29) -> 0 | AM30: =SUM(AM15:AM29) -> 0 | ... AP30: =SUM(AP15:AP29) -> 51.15 | AR30: =SUM(AR15:AR29) -> 47.45 | AS30: =SUM(AS15:AS29) -> -3.7 | AU30: =SUM(AU1276:AU1278) -> 0 | AV30: =SUM(AV1276:AV1278) -> 0 | AX30: =SUM(AX1276:AX1278) -> 0 | AY30: =SUM(AY1276:AY1278) -> 0
B31: Lokasi SN sudah pree | O31: =IF(N31>0,1,0) -> 0 | AF31: SN+Pree
AF32: =SUM(X33:X34) -> 13.35
B33: W02 | C33: 013E | D33: 7.09 | E33: 46234 | G33: 46252 | J33: =IF(I33>0,0,1) -> 1 | K33: 46293 | M33: =IF(AND(J33>0,L33>0),1,0) -> 0 | O33: =IF(N33>0,1,0) -> 0 | P33: =IF(O33>0,0,1) -> 1 | R33: =IF(Q33="proses",1,0) -> 0 | X33: =IF(G33=0,"",D33-V33) -> 7.09 | Y33: =VLOOKUP($C33,[4]Nanas!$C$1336:$G$1416,5,0) -> PY | Z33: =1-X33/D33 -> 0 | AC33: Sudah
B34: W07 | C34: 085D | D34: 6.26 | E34: 46265 | G34: 46267 | J34: =IF(I34>0,0,1) -> 1 | K34: 46296 | M34: =IF(AND(J34>0,L34>0),1,0) -> 0 | O34: =IF(N34>0,1,0) -> 0 | P34: =IF(O34>0,0,1) -> 1 | R34: =IF(Q34="proses",1,0) -> 0 | X34: =IF(G34=0,"",D34-V34) -> 6.26 | Y34: RC | Z34: =1-X34/D34 -> 0 | AA34: =INDEX([5]Nanas!$M$1336:$M$1444,MATCH($C34,[5]Nanas!$C$1336:$C$1444,0)) -> 46239 | AB34: =$E$4-AA34 -> 69.615134
B35: Lokasi SN blum pree & Examini | O35: =IF(N35>0,1,0) -> 0 | AF35: SN
AF36: =SUM(X37:X63) -> 199.55
B37: W06 | C37: 092C1 | D37: 9.23 | E37: 46212 | G37: 46213 | J37: =IF(I37>0,0,1) -> 1 | M37: =IF(AND(J37>0,L37>0),1,0) -> 0 | O37: =IF(N37>0,1,0) -> 0 | P37: =IF(O37>0,0,1) -> 1 | R37: =IF(Q37="proses",1,0) -> 0 | X37: =IF(G37=0,"",D37-V37) -> 9.23 | Y37: =VLOOKUP($C37,[4]Nanas!$C$1336:$G$1416,5,0) -> RC | Z37: =1-X37/D37 -> 0 | AA37: =INDEX([5]Nanas!$M$1336:$M$1444,MATCH($C37,[5]Nanas!$C$1336:$C$1444,0)) -> 46053 | AB37: =$E$4-AA37 -> 255.61513
B38: W06 | C38: 092E1 | D38: 8.71 | E38: 46214 | G38: 46252 | J38: =IF(I38>0,0,1) -> 1 | M38: =IF(AND(J38>0,L38>0),1,0) -> 0 | O38: =IF(N38>0,1,0) -> 0 | P38: =IF(O38>0,0,1) -> 1 | R38: =IF(Q38="proses",1,0) -> 0 | X38: =IF(G38=0,"",D38-V38) -> 8.71 | Y38: =VLOOKUP($C38,[4]Nanas!$C$1336:$G$1416,5,0) -> BB | Z38: =1-X38/D38 -> 0 | AA38: =INDEX([5]Nanas!$M$1336:$M$1444,MATCH($C38,[5]Nanas!$C$1336:$C$1444,0)) -> 46008 | AB38: =$E$4-AA38 -> 300.61513 | AC38: Sudah
B39: W06 | C39: 093D | D39: 11.63 | E39: 46249 | G39: 46253 | J39: =IF(I39>0,0,1) -> 1 | M39: =IF(AND(J39>0,L39>0),1,0) -> 0 | O39: =IF(N39>0,1,0) -> 0 | P39: =IF(O39>0,0,1) -> 1 | R39: =IF(Q39="proses",1,0) -> 0 | X39: =IF(G39=0,"",D39-V39) -> 11.63 | Y39: =VLOOKUP($C39,[4]Nanas!$C$1336:$G$1416,5,0) -> RC | Z39: =1-X39/D39 -> 0 | AA39: =INDEX([5]Nanas!$M$1336:$M$1444,MATCH($C39,[5]Nanas!$C$1336:$C$1444,0)) -> 46147 | AB39: =$E$4-AA39 -> 161.61513 | AC39: Sudah
B40: W05 | C40: 070D | D40: 6.05 | E40: 46252 | G40: 46253 | J40: =IF(I40>0,0,1) -> 1 | M40: =IF(AND(J40>0,L40>0),1,0) -> 0 | O40: =IF(N40>0,1,0) -> 0 | P40: =IF(O40>0,0,1) -> 1 | R40: =IF(Q40="proses",1,0) -> 0 | X40: =IF(G40=0,"",D40-V40) -> 6.05 | Y40: =VLOOKUP($C40,[2]Nanas!$C$1336:$G$1416,5,0) -> RC | Z40: =1-X40/D40 -> 0 | AA40: =INDEX([5]Nanas!$M$1336:$M$1444,MATCH($C40,[5]Nanas!$C$1336:$C$1444,0)) -> 46206 | AB40: =$E$4-AA40 -> 102.61513 | AC40: Sudah
B41: W06 | C41: 075E | D41: 7.56 | E41: 46263 | G41: 46267 | J41: =IF(I41>0,0,1) -> 1 | M41: =IF(AND(J41>0,L41>0),1,0) -> 0 | O41: =IF(N41>0,1,0) -> 0 | P41: =IF(O41>0,0,1) -> 1 | R41: =IF(Q41="proses",1,0) -> 0 | X41: =IF(G41=0,"",D41-V41) -> 7.56 | Y41: BB | Z41: =1-X41/D41 -> 0 | AA41: =INDEX([5]Nanas!$M$1336:$M$1444,MATCH($C41,[5]Nanas!$C$1336:$C$1444,0)) -> 46237 | AB41: =$E$4-AA41 -> 71.615134
B42: W03 | C42: 047K1 | D42: 5.21 | E42: 46266 | G42: 46270 | J42: =IF(I42>0,0,1) -> 1 | M42: =IF(AND(J42>0,L42>0),1,0) -> 0 | O42: =IF(N42>0,1,0) -> 0 | P42: =IF(O42>0,0,1) -> 1 | R42: =IF(Q42="proses",1,0) -> 0 | X42: =IF(G42=0,"",D42-V42) -> 5.21 | Y42: RC | Z42: =1-X42/D42 -> 0 | AA42: =INDEX([5]Nanas!$M$1336:$M$1444,MATCH($C42,[5]Nanas!$C$1336:$C$1444,0)) -> 46238 | AB42: =$E$4-AA42 -> 70.615134
B43: W05 | C43: 070E4 | D43: 6.91 | E43: 46287 | G43: 46288 | J43: =IF(I43>0,0,1) -> 1 | M43: =IF(AND(J43>0,L43>0),1,0) -> 0 | O43: =IF(N43>0,1,0) -> 0 | P43: =IF(O43>0,0,1) -> 1 | R43: =IF(Q43="proses",1,0) -> 0 | X43: =IF(G43=0,"",D43-V43) -> 6.91 | Y43: PS | Z43: =1-X43/D43 -> 0 | AA43: 46241 | AB43: =$E$4-AA43 -> 67.615134 | AC43: Sudah
B44: W04 | C44: 050A2 | D44: 5.27 | E44: 46281 | G44: 46290 | J44: =IF(I44>0,0,1) -> 1 | M44: =IF(AND(J44>0,L44>0),1,0) -> 0 | O44: =IF(N44>0,1,0) -> 0 | P44: =IF(O44>0,0,1) -> 1 | R44: =IF(Q44="proses",1,0) -> 0 | X44: =IF(G44=0,"",D44-V44) -> 5.27 | Y44: PS | Z44: =1-X44/D44 -> 0 | AC44: Sudah
B45: W06 | C45: 077B2 | D45: 9.62 | E45: 46289 | G45: 46292 | J45: =IF(I45>0,0,1) -> 1 | M45: =IF(AND(J45>0,L45>0),1,0) -> 0 | O45: =IF(N45>0,1,0) -> 0 | P45: =IF(O45>0,0,1) -> 1 | R45: =IF(Q45="proses",1,0) -> 0 | X45: =IF(G45=0,"",D45-V45) -> 9.62 | Y45: RC | Z45: =1-X45/D45 -> 0 | AA45: 46239 | AB45: =$E$4-AA45 -> 69.615134
B46: W06 | C46: 093G | D46: 10.83 | E46: 46290 | G46: 46292 | J46: =IF(I46>0,0,1) -> 1 | M46: =IF(AND(J46>0,L46>0),1,0) -> 0 | O46: =IF(N46>0,1,0) -> 0 | P46: =IF(O46>0,0,1) -> 1 | R46: =IF(Q46="proses",1,0) -> 0 | X46: =IF(G46=0,"",D46-V46) -> 10.83 | Y46: RC | Z46: =1-X46/D46 -> 0 | AA46: 46206 | AB46: =$E$4-AA46 -> 102.61513
B47: W03 | C47: 054B2 | D47: 5.58 | E47: 46291 | G47: 46293 | J47: =IF(I47>0,0,1) -> 1 | M47: =IF(AND(J47>0,L47>0),1,0) -> 0 | O47: =IF(N47>0,1,0) -> 0 | P47: =IF(O47>0,0,1) -> 1 | R47: =IF(Q47="proses",1,0) -> 0 | X47: =IF(G47=0,"",D47-V47) -> 5.58 | Y47: RC | Z47: =1-X47/D47 -> 0 | AA47: 46261 | AB47: =$E$4-AA47 -> 47.615134
B48: W03 | C48: 054B3 | D48: 5.59 | E48: 46291 | G48: 46293 | J48: =IF(I48>0,0,1) -> 1 | M48: =IF(AND(J48>0,L48>0),1,0) -> 0 | O48: =IF(N48>0,1,0) -> 0 | P48: =IF(O48>0,0,1) -> 1 | R48: =IF(Q48="proses",1,0) -> 0 | X48: =IF(G48=0,"",D48-V48) -> 5.59 | Y48: RC | Z48: =1-X48/D48 -> 0 | AA48: 46261 | AB48: =$E$4-AA48 -> 47.615134
B49: W06 | C49: 077E | D49: 7.42 | E49: 46289 | G49: 46293 | J49: =IF(I49>0,0,1) -> 1 | M49: =IF(AND(J49>0,L49>0),1,0) -> 0 | O49: =IF(N49>0,1,0) -> 0 | P49: =IF(O49>0,0,1) -> 1 | R49: =IF(Q49="proses",1,0) -> 0 | X49: =IF(G49=0,"",D49-V49) -> 7.42 | Y49: RC | Z49: =1-X49/D49 -> 0 | AA49: 46237 | AB49: =$E$4-AA49 -> 71.615134
B50: W05 | C50: 069B2 | D50: 9.93 | E50: 46293 | G50: 46294 | J50: =IF(I50>0,0,1) -> 1 | M50: =IF(AND(J50>0,L50>0),1,0) -> 0 | O50: =IF(N50>0,1,0) -> 0 | P50: =IF(O50>0,0,1) -> 1 | R50: =IF(Q50="proses",1,0) -> 0 | X50: =IF(G50=0,"",D50-V50) -> 9.93 | Y50: =INDEX([6]Nanas!$G$1429:$G$1436,MATCH($C50,[6]Nanas!$C$1429:$C$1436,0)) -> RC | Z50: =1-X50/D50 -> 0 | AA50: =INDEX([5]Nanas!$M$1336:$M$1444,MATCH($C50,[5]Nanas!$C$1336:$C$1444,0)) -> 46230 | AB50: =$E$4-AA50 -> 78.615134
B51: W04 | C51: 050D | D51: 6.02 | E51: 46293 | G51: 46294 | J51: =IF(I51>0,0,1) -> 1 | M51: =IF(AND(J51>0,L51>0),1,0) -> 0 | O51: =IF(N51>0,1,0) -> 0 | P51: =IF(O51>0,0,1) -> 1 | R51: =IF(Q51="proses",1,0) -> 0 | X51: =IF(G51=0,"",D51-V51) -> 6.02 | Y51: PS | Z51: =1-X51/D51 -> 0
B52: W04 | C52: 029C1 | D52: 4.53 | E52: 46295 | G52: 46296 | J52: =IF(I52>0,0,1) -> 1 | M52: =IF(AND(J52>0,L52>0),1,0) -> 0 | O52: =IF(N52>0,1,0) -> 0 | P52: =IF(O52>0,0,1) -> 1 | R52: =IF(Q52="proses",1,0) -> 0 | X52: =IF(G52=0,"",D52-V52) -> 4.53 | Y52: RC | Z52: =1-X52/D52 -> 0 | AA52: 46261 | AB52: =$E$4-AA52 -> 47.615134
B53: W04 | C53: 029C2 | D53: 6.53 | E53: 46295 | G53: 46296 | J53: =IF(I53>0,0,1) -> 1 | M53: =IF(AND(J53>0,L53>0),1,0) -> 0 | O53: =IF(N53>0,1,0) -> 0 | P53: =IF(O53>0,0,1) -> 1 | R53: =IF(Q53="proses",1,0) -> 0 | X53: =IF(G53=0,"",D53-V53) -> 6.53 | Y53: RC | Z53: =1-X53/D53 -> 0 | AA53: 46261 | AB53: =$E$4-AA53 -> 47.615134
B54: W07 | C54: 099K | D54: 7.76 | E54: 46294 | G54: 46296 | J54: =IF(I54>0,0,1) -> 1 | M54: =IF(AND(J54>0,L54>0),1,0) -> 0 | O54: =IF(N54>0,1,0) -> 0 | P54: =IF(O54>0,0,1) -> 1 | R54: =IF(Q54="proses",1,0) -> 0 | X54: =IF(G54=0,"",D54-V54) -> 7.76 | Y54: =INDEX([6]Nanas!$G$1429:$G$1436,MATCH($C54,[6]Nanas!$C$1429:$C$1436,0)) -> BB | Z54: =1-X54/D54 -> 0 | AA54: =INDEX([5]Nanas!$M$1336:$M$1444,MATCH($C54,[5]Nanas!$C$1336:$C$1444,0)) -> 46167 | AB54: =$E$4-AA54 -> 141.61513
B55: W07 | C55: 099L | D55: 6.12 | E55: 46294 | G55: 46296 | J55: =IF(I55>0,0,1) -> 1 | M55: =IF(AND(J55>0,L55>0),1,0) -> 0 | O55: =IF(N55>0,1,0) -> 0 | P55: =IF(O55>0,0,1) -> 1 | R55: =IF(Q55="proses",1,0) -> 0 | X55: =IF(G55=0,"",D55-V55) -> 6.12 | Y55: =INDEX([6]Nanas!$G$1429:$G$1436,MATCH($C55,[6]Nanas!$C$1429:$C$1436,0)) -> BB | Z55: =1-X55/D55 -> 0 | AA55: =INDEX([5]Nanas!$M$1336:$M$1444,MATCH($C55,[5]Nanas!$C$1336:$C$1444,0)) -> 46167 | AB55: =$E$4-AA55 -> 141.61513
B56: W06 | C56: 078D2 | D56: 6.23 | E56: 46296 | G56: 46297 | J56: =IF(I56>0,0,1) -> 1 | M56: =IF(AND(J56>0,L56>0),1,0) -> 0 | O56: =IF(N56>0,1,0) -> 0 | P56: =IF(O56>0,0,1) -> 1 | R56: =IF(Q56="proses",1,0) -> 0 | X56: =IF(G56=0,"",D56-V56) -> 6.23 | Y56: RC | Z56: =1-X56/D56 -> 0
B57: W06 | C57: 078C | D57: 4.12 | E57: 46296 | G57: 46297 | J57: =IF(I57>0,0,1) -> 1 | M57: =IF(AND(J57>0,L57>0),1,0) -> 0 | O57: =IF(N57>0,1,0) -> 0 | P57: =IF(O57>0,0,1) -> 1 | R57: =IF(Q57="proses",1,0) -> 0 | X57: =IF(G57=0,"",D57-V57) -> 4.12 | Y57: BB | Z57: =1-X57/D57 -> 0
B58: W04 | C58: 028A1 | D58: 10.62 | E58: 46296 | G58: 46298 | J58: =IF(I58>0,0,1) -> 1 | M58: =IF(AND(J58>0,L58>0),1,0) -> 0 | O58: =IF(N58>0,1,0) -> 0 | P58: =IF(O58>0,0,1) -> 1 | R58: =IF(Q58="proses",1,0) -> 0 | X58: =IF(G58=0,"",D58-V58) -> 10.62 | Y58: BB | Z58: =1-X58/D58 -> 0 | AA58: 46266 | AB58: =$E$4-AA58 -> 42.615134
B59: W07 | C59: 080F | D59: 5.52 | E59: 46297 | G59: 46300 | J59: =IF(I59>0,0,1) -> 1 | M59: =IF(AND(J59>0,L59>0),1,0) -> 0 | O59: =IF(N59>0,1,0) -> 0 | P59: =IF(O59>0,0,1) -> 1 | R59: =IF(Q59="proses",1,0) -> 0 | X59: =IF(G59=0,"",D59-V59) -> 5.52 | Y59: BB | Z59: =1-X59/D59 -> 0 | AA59: 46255 | AB59: =$E$4-AA59 -> 53.615134
B60: W07 | C60: 080H | D60: 8.95 | E60: 46297 | G60: 46300 | J60: =IF(I60>0,0,1) -> 1 | M60: =IF(AND(J60>0,L60>0),1,0) -> 0 | O60: =IF(N60>0,1,0) -> 0 | P60: =IF(O60>0,0,1) -> 1 | R60: =IF(Q60="proses",1,0) -> 0 | X60: =IF(G60=0,"",D60-V60) -> 8.95 | Y60: BB | Z60: =1-X60/D60 -> 0 | AA60: 46272 | AB60: =$E$4-AA60 -> 36.615134
B61: W04 | C61: 049H | D61: 7.27 | E61: 46300 | G61: 46301 | J61: =IF(I61>0,0,1) -> 1 | M61: =IF(AND(J61>0,L61>0),1,0) -> 0 | O61: =IF(N61>0,1,0) -> 0 | P61: =IF(O61>0,0,1) -> 1 | R61: =IF(Q61="proses",1,0) -> 0 | X61: =IF(G61=0,"",D61-V61) -> 7.27 | Y61: RC | Z61: =1-X61/D61 -> 0 | AA61: 46275 | AB61: =$E$4-AA61 -> 33.615134
B62: W04 | C62: 049B | D62: 5.24 | E62: 46300 | G62: 46301 | J62: =IF(I62>0,0,1) -> 1 | M62: =IF(AND(J62>0,L62>0),1,0) -> 0 | O62: =IF(N62>0,1,0) -> 0 | P62: =IF(O62>0,0,1) -> 1 | R62: =IF(Q62="proses",1,0) -> 0 | X62: =IF(G62=0,"",D62-V62) -> 5.24 | Y62: RC | Z62: =1-X62/D62 -> 0 | AA62: 46275 | AB62: =$E$4-AA62 -> 33.615134
B63: W05 | C63: 066Q | D63: 11.1 | E63: 46302 | G63: 46303 | J63: =IF(I63>0,0,1) -> 1 | M63: =IF(AND(J63>0,L63>0),1,0) -> 0 | O63: =IF(N63>0,1,0) -> 0 | P63: =IF(O63>0,0,1) -> 1 | R63: =IF(Q63="proses",1,0) -> 0 | X63: =IF(G63=0,"",D63-V63) -> 11.1 | Y63: RC | Z63: =1-X63/D63 -> 0 | AA63: =INDEX([5]Nanas!$M$1336:$M$1444,MATCH($C63,[5]Nanas!$C$1336:$C$1444,0)) -> 46220 | AB63: =$E$4-AA63 -> 88.615134
B64: Lokasi sudah Ridger | O64: =IF(N64>0,1,0) -> 0
B65: W06 | C65: 077D1 | D65: 6.87 | E65: 46295 | J65: =IF(I65>0,0,1) -> 1 | M65: =IF(AND(J65>0,L65>0),1,0) -> 0 | O65: =IF(N65>0,1,0) -> 0 | P65: =IF(O65>0,0,1) -> 1 | R65: =IF(Q65="proses",1,0) -> 0 | Y65: RC | AA65: 46255 | AB65: =$E$4-AA65 -> 53.615134
B66: W05 | C66: 068A | D66: 6.25 | E66: 46301 | J66: =IF(I66>0,0,1) -> 1 | M66: =IF(AND(J66>0,L66>0),1,0) -> 0 | O66: =IF(N66>0,1,0) -> 0 | P66: =IF(O66>0,0,1) -> 1 | R66: =IF(Q66="proses",1,0) -> 0 | Y66: RC | AA66: 46241 | AB66: =$E$4-AA66 -> 67.615134
B67: W05 | C67: 082L | D67: 6.64 | E67: 46301 | J67: =IF(I67>0,0,1) -> 1 | M67: =IF(AND(J67>0,L67>0),1,0) -> 0 | O67: =IF(N67>0,1,0) -> 0 | P67: =IF(O67>0,0,1) -> 1 | R67: =IF(Q67="proses",1,0) -> 0 | X67: =IF(G67=0,"",D67-V67) | Y67: BB | AA67: 46255 | AB67: =$E$4-AA67 -> 53.615134
B68: Lokasi sudah Finishing | O68: =IF(N68>0,1,0) -> 0
B69: W03 | C69: 047E | D69: 5.28 | J69: =IF(I69>0,0,1) -> 1 | M69: =IF(AND(J69>0,L69>0),1,0) -> 0 | O69: =IF(N69>0,1,0) -> 0 | P69: =IF(O69>0,0,1) -> 1 | R69: =IF(Q69="proses",1,0) -> 0 | X69: =IF(G69=0,"",D69-V69) | Y69: RC | AA69: 46275 | AB69: =$E$4-AA69 -> 33.615134
B70: Total | D70: =SUM(D65:D69) -> 25.04 | V70: =SUM(V15:V68) -> 96.92 | W70: =SUM(W15:W68) -> 51.15 | X70: =SUM(X15:X68) -> 228.54
J71: =IF(I71>0,0,1) -> 1 | M71: =IF(AND(J71>0,L71>0),1,0) -> 0 | O71: =IF(N71>0,1,0) -> 0 | P71: =IF(O71>0,0,1) -> 1 | R71: =IF(Q71="proses",1,0) -> 0 | X71: =IF(G71=0,"",D71-V71) | Z71: =1-X71/D71 -> #VALUE!
P72: =IF(O72>0,0,1) -> 1 | R72: =IF(Q72="proses",1,0) -> 0
B73: W03 | C73: 069A | D73: 9.18 | E73: 43866 | F73: =IF(E73>0,1,0) -> 1 | G73: 43886 | H73: =IF(G73>0,1,0) -> 1 | I73: 43880 | J73: =IF(I73>0,0,1) -> 0 | K73: 43894 | L73: =IF(K73>0,0,1) -> 0 | M73: =IF(AND(J73>0,L73>0),1,0) -> 0 | N73: 43894 | O73: =IF(N73>0,1,0) -> 1 | P73: =IF(O73>0,0,1) -> 0 | Q73: =IF(T73>0,"Selesai","Proses") -> Selesai | R73: =IF(Q73="proses",1,0) -> 0 | S73: 43901 | T73: 43909 | U73: =IF(T73>0,1,0) -> 1 | Z73: =IF(T73="","","100%") -> 100% | AC73: Sudah
B74: W01 | C74: 017K | D74: 5.4 | E74: 43839 | F74: =IF(E74>0,1,0) -> 1 | G74: 43840 | H74: =IF(G74>0,1,0) -> 1 | I74: 43882 | J74: =IF(I74>0,0,1) -> 0 | K74: 43865 | L74: =IF(K74>0,0,1) -> 0 | M74: =IF(AND(J74>0,L74>0),1,0) -> 0 | N74: 43882 | O74: =IF(N74>0,1,0) -> 1 | P74: =IF(O74>0,0,1) -> 0 | Q74: =IF(T74>0,"Selesai","Proses") -> Selesai | R74: =IF(Q74="proses",1,0) -> 0 | S74: 43895 | T74: 43910 | U74: =IF(T74>0,1,0) -> 1 | Z74: =IF(T74="","","100%") -> 100% | AC74: Sudah
B75: W02 | C75: 055A | D75: 8.59 | E75: 43884 | F75: =IF(E75>0,1,0) -> 1 | G75: 43887 | H75: =IF(G75>0,1,0) -> 1 | I75: 43890 | J75: =IF(I75>0,0,1) -> 0 | K75: 43899 | L75: =IF(K75>0,0,1) -> 0 | M75: =IF(AND(J75>0,L75>0),1,0) -> 0 | N75: 43899 | O75: =IF(N75>0,1,0) -> 1 | P75: =IF(O75>0,0,1) -> 0 | Q75: =IF(T75>0,"Selesai","Proses") -> Selesai | R75: =IF(Q75="proses",1,0) -> 0 | S75: 43900 | T75: 43910 | U75: =IF(T75>0,1,0) -> 1 | Z75: =IF(T75="","","100%") -> 100% | AC75: Sudah
B76: W03 | C76: 080E | D76: 5 | E76: 43828 | F76: =IF(E76>0,1,0) -> 1 | G76: 43830 | H76: =IF(G76>0,1,0) -> 1 | I76: 43847 | J76: =IF(I76>0,0,1) -> 0 | K76: 43883 | L76: =IF(K76>0,0,1) -> 0 | M76: =IF(AND(J76>0,L76>0),1,0) -> 0 | N76: 43852 | O76: =IF(N76>0,1,0) -> 1 | P76: =IF(O76>0,0,1) -> 0 | Q76: =IF(T76>0,"Selesai","Proses") -> Selesai | R76: =IF(Q76="proses",1,0) -> 0 | S76: 43892 | T76: 43921 | U76: =IF(T76>0,1,0) -> 1 | Z76: =IF(T76="","","100%") -> 100% | AC76: Sudah
B77: W04 | C77: 096G1 | D77: 10 | E77: 43809 | F77: =IF(E77>0,1,0) -> 1 | G77: 43814 | H77: =IF(G77>0,1,0) -> 1 | I77: 43859 | J77: =IF(I77>0,0,1) -> 0 | K77: 43840 | L77: =IF(K77>0,0,1) -> 0 | M77: =IF(AND(J77>0,L77>0),1,0) -> 0 | N77: 43859 | O77: =IF(N77>0,1,0) -> 1 | P77: =IF(O77>0,0,1) -> 0 | Q77: =IF(T77>0,"Selesai","Proses") -> Selesai | R77: =IF(Q77="proses",1,0) -> 0 | S77: 43902 | T77: 43921 | U77: =IF(T77>0,1,0) -> 1 | Z77: =IF(T77="","","100%") -> 100% | AC77: Sudah
B78: W03 | C78: 070M1 | D78: 6.93 | E78: 43815 | F78: =IF(E78>0,1,0) -> 1 | G78: 43818 | H78: =IF(G78>0,1,0) -> 1 | I78: 43869 | J78: =IF(I78>0,0,1) -> 0 | K78: 43834 | L78: =IF(K78>0,0,1) -> 0 | M78: =IF(AND(J78>0,L78>0),1,0) -> 0 | N78: 43869 | O78: =IF(N78>0,1,0) -> 1 | P78: =IF(O78>0,0,1) -> 0 | Q78: =IF(T78>0,"Selesai","Proses") -> Selesai | R78: =IF(Q78="proses",1,0) -> 0 | S78: 43892 | T78: 43927 | U78: =IF(T78>0,1,0) -> 1 | Z78: =IF(T78="","","100%") -> 100% | AC78: Sudah
B79: W04 | C79: 097B | D79: 9.62 | E79: 43810 | F79: =IF(E79>0,1,0) -> 1 | G79: 43815 | H79: =IF(G79>0,1,0) -> 1 | I79: 43854 | J79: =IF(I79>0,0,1) -> 0 | K79: 43839 | L79: =IF(K79>0,0,1) -> 0 | M79: =IF(AND(J79>0,L79>0),1,0) -> 0 | N79: 43854 | O79: =IF(N79>0,1,0) -> 1 | P79: =IF(O79>0,0,1) -> 0 | Q79: =IF(T79>0,"Selesai","Proses") -> Selesai | R79: =IF(Q79="proses",1,0) -> 0 | S79: 43899 | T79: 43927 | U79: =IF(T79>0,1,0) -> 1 | Z79: =IF(T79="","","100%") -> 100% | AC79: Sudah
B80: W03 | C80: 082B | D80: 12.32 | E80: 43865 | F80: =IF(E80>0,1,0) -> 1 | G80: 43885 | H80: =IF(G80>0,1,0) -> 1 | I80: 43889 | J80: =IF(I80>0,0,1) -> 0 | K80: 43900 | L80: =IF(K80>0,0,1) -> 0 | M80: =IF(AND(J80>0,L80>0),1,0) -> 0 | N80: 43900 | O80: =IF(N80>0,1,0) -> 1 | P80: =IF(O80>0,0,1) -> 0 | Q80: =IF(T80>0,"Selesai","Proses") -> Selesai | R80: =IF(Q80="proses",1,0) -> 0 | S80: 43904 | T80: 43927 | U80: =IF(T80>0,1,0) -> 1 | Z80: =IF(T80="","","100%") -> 100% | AC80: Sudah
B81: W02 | C81: 046D | D81: 5.38 | E81: 43907 | F81: =IF(E81>0,1,0) -> 1 | G81: 43909 | H81: =IF(G81>0,1,0) -> 1 | I81: 43915 | J81: =IF(I81>0,0,1) -> 0 | K81: 43919 | L81: =IF(K81>0,0,1) -> 0 | M81: =IF(AND(J81>0,L81>0),1,0) -> 0 | N81: 43919 | O81: =IF(N81>0,1,0) -> 1 | P81: =IF(O81>0,0,1) -> 0 | Q81: =IF(T81>0,"Selesai","Proses") -> Selesai | R81: =IF(Q81="proses",1,0) -> 0 | S81: 43919 | T81: 43927 | U81: =IF(T81>0,1,0) -> 1 | Z81: =IF(T81="","","100%") -> 100% | AC81: Sudah
B82: W03 | C82: 070L1 | D82: 7.75 | E82: 43815 | F82: =IF(E82>0,1,0) -> 1 | G82: 43818 | H82: =IF(G82>0,1,0) -> 1 | I82: 43872 | J82: =IF(I82>0,0,1) -> 0 | K82: 43834 | L82: =IF(K82>0,0,1) -> 0 | M82: =IF(AND(J82>0,L82>0),1,0) -> 0 | N82: 43872 | O82: =IF(N82>0,1,0) -> 1 | P82: =IF(O82>0,0,1) -> 0 | Q82: =IF(T82>0,"Selesai","Proses") -> Selesai | R82: =IF(Q82="proses",1,0) -> 0 | S82: 43908 | T82: 43929 | U82: =IF(T82>0,1,0) -> 1 | Z82: =IF(T82="","","100%") -> 100% | AC82: Sudah
B83: W04 | C83: 090A | D83: 10.82 | E83: 43802 | F83: =IF(E83>0,1,0) -> 1 | G83: 43807 | H83: =IF(G83>0,1,0) -> 1 | I83: 43902 | J83: =IF(I83>0,0,1) -> 0 | K83: 43840 | L83: =IF(K83>0,0,1) -> 0 | M83: =IF(AND(J83>0,L83>0),1,0) -> 0 | N83: =IF(AND(I83>0,K83>0),MAX(I83:K83),"") -> 43902 | O83: =IF(N83>0,1,0) -> 1 | P83: =IF(O83>0,0,1) -> 0 | Q83: =IF(T83>0,"Selesai","Proses") -> Selesai | R83: =IF(Q83="proses",1,0) -> 0 | S83: 43904 | T83: 43933 | U83: =IF(T83>0,1,0) -> 1 | Z83: =IF(T83="","","100%") -> 100% | AC83: Sudah
B84: W02 | C84: 031E | D84: 12.68 | E84: 43892 | F84: =IF(E84>0,1,0) -> 1 | G84: 43894 | H84: =IF(G84>0,1,0) -> 1 | I84: 43902 | J84: =IF(I84>0,0,1) -> 0 | K84: 43907 | L84: =IF(K84>0,0,1) -> 0 | M84: =IF(AND(J84>0,L84>0),1,0) -> 0 | N84: =IF(AND(I84>0,K84>0),MAX(I84:K84),"") -> 43907 | O84: =IF(N84>0,1,0) -> 1 | P84: =IF(O84>0,0,1) -> 0 | Q84: =IF(T84>0,"Selesai","Proses") -> Selesai | R84: =IF(Q84="proses",1,0) -> 0 | S84: 43908 | T84: 43933 | U84: =IF(T84>0,1,0) -> 1 | Z84: =IF(T84="","","100%") -> 100% | AC84: Sudah
B85: W04 | C85: 092E | D85: 16.08 | E85: 43789 | F85: =IF(E85>0,1,0) -> 1 | G85: 43792 | H85: =IF(G85>0,1,0) -> 1 | I85: 43899 | J85: =IF(I85>0,0,1) -> 0 | K85: 43827 | L85: =IF(K85>0,0,1) -> 0 | M85: =IF(AND(J85>0,L85>0),1,0) -> 0 | N85: =IF(AND(I85>0,K85>0),MAX(I85:K85),"") -> 43899 | O85: =IF(N85>0,1,0) -> 1 | P85: =IF(O85>0,0,1) -> 0 | Q85: =IF(T85>0,"Selesai","Proses") -> Selesai | R85: =IF(Q85="proses",1,0) -> 0 | S85: 43889 | T85: 43933 | U85: =IF(T85>0,1,0) -> 1 | Z85: =IF(T85="","","100%") -> 100% | AC85: Sudah
B86: W04 | C86: 093A | D86: 6.42 | E86: 43820 | F86: =IF(E86>0,1,0) -> 1 | G86: 43830 | H86: =IF(G86>0,1,0) -> 1 | I86: 43906 | J86: =IF(I86>0,0,1) -> 0 | K86: 43840 | L86: =IF(K86>0,0,1) -> 0 | M86: =IF(AND(J86>0,L86>0),1,0) -> 0 | N86: =IF(AND(I86>0,K86>0),MAX(I86:K86),"") -> 43906 | O86: =IF(N86>0,1,0) -> 1 | P86: =IF(O86>0,0,1) -> 0 | Q86: =IF(T86>0,"Selesai","Proses") -> Selesai | R86: =IF(Q86="proses",1,0) -> 0 | S86: 43907 | T86: 43933 | U86: =IF(T86>0,1,0) -> 1 | Z86: =IF(T86="","","100%") -> 100% | AC86: Sudah
B87: W04 | C87: 090B | D87: 8.24 | E87: 43802 | F87: =IF(E87>0,1,0) -> 1 | G87: 43807 | H87: =IF(G87>0,1,0) -> 1 | I87: 43836 | J87: =IF(I87>0,0,1) -> 0 | K87: 43840 | L87: =IF(K87>0,0,1) -> 0 | M87: =IF(AND(J87>0,L87>0),1,0) -> 0 | N87: =IF(AND(I87>0,K87>0),MAX(I87:K87),"") -> 43840 | O87: =IF(N87>0,1,0) -> 1 | P87: =IF(O87>0,0,1) -> 0 | Q87: =IF(T87>0,"Selesai","Proses") -> Selesai | R87: =IF(Q87="proses",1,0) -> 0 | S87: 43916 | T87: 43936 | U87: =IF(T87>0,1,0) -> 1 | Z87: =IF(T87="","","100%") -> 100% | AC87: Sudah
B88: W04 | C88: 097F | D88: 6.75 | E88: 43810 | F88: =IF(E88>0,1,0) -> 1 | G88: 43815 | H88: =IF(G88>0,1,0) -> 1 | I88: 43907 | J88: =IF(I88>0,0,1) -> 0 | K88: 43839 | L88: =IF(K88>0,0,1) -> 0 | M88: =IF(AND(J88>0,L88>0),1,0) -> 0 | N88: =IF(AND(I88>0,K88>0),MAX(I88:K88),"") -> 43907 | O88: =IF(N88>0,1,0) -> 1 | P88: =IF(O88>0,0,1) -> 0 | Q88: =IF(T88>0,"Selesai","Proses") -> Selesai | R88: =IF(Q88="proses",1,0) -> 0 | S88: 43899 | T88: 43936 | U88: =IF(T88>0,1,0) -> 1 | Z88: =IF(T88="","","100%") -> 100% | AC88: Sudah
B89: W04 | C89: 097G | D89: 10.43 | E89: 43816 | F89: =IF(E89>0,1,0) -> 1 | G89: 43830 | H89: =IF(G89>0,1,0) -> 1 | I89: 43904 | J89: =IF(I89>0,0,1) -> 0 | K89: 43829 | L89: =IF(K89>0,0,1) -> 0 | M89: =IF(AND(J89>0,L89>0),1,0) -> 0 | N89: =IF(AND(I89>0,K89>0),MAX(I89:K89),"") -> 43904 | O89: =IF(N89>0,1,0) -> 1 | P89: =IF(O89>0,0,1) -> 0 | Q89: =IF(T89>0,"Selesai","Proses") -> Selesai | R89: =IF(Q89="proses",1,0) -> 0 | S89: 43919 | T89: 43936 | U89: =IF(T89>0,1,0) -> 1 | Z89: =IF(T89="","","100%") -> 100% | AC89: Sudah
B90: W04 | C90: 086A1 | D90: 7.87 | E90: 43886 | F90: =IF(E90>0,1,0) -> 1 | G90: 43887 | H90: =IF(G90>0,1,0) -> 1 | I90: 43901 | J90: =IF(I90>0,0,1) -> 0 | K90: 43896 | L90: =IF(K90>0,0,1) -> 0 | M90: =IF(AND(J90>0,L90>0),1,0) -> 0 | N90: =IF(AND(I90>0,K90>0),MAX(I90:K90),"") -> 43901 | O90: =IF(N90>0,1,0) -> 1 | P90: =IF(O90>0,0,1) -> 0 | Q90: =IF(T90>0,"Selesai","Proses") -> Selesai | R90: =IF(Q90="proses",1,0) -> 0 | S90: 43895 | T90: 43937 | U90: =IF(T90>0,1,0) -> 1 | Z90: =IF(T90="","","100%") -> 100% | AC90: Sudah
B91: W01 | C91: 013G | D91: 9.83 | E91: 43907 | F91: =IF(E91>0,1,0) -> 1 | G91: 43908 | H91: =IF(G91>0,1,0) -> 1 | I91: 43909 | J91: =IF(I91>0,0,1) -> 0 | K91: 43918 | L91: =IF(K91>0,0,1) -> 0 | M91: =IF(AND(J91>0,L91>0),1,0) -> 0 | N91: =IF(AND(I91>0,K91>0),MAX(I91:K91),"") -> 43918 | O91: =IF(N91>0,1,0) -> 1 | P91: =IF(O91>0,0,1) -> 0 | Q91: =IF(T91>0,"Selesai","Proses") -> Selesai | R91: =IF(Q91="proses",1,0) -> 0 | S91: 43919 | T91: 43946 | U91: =IF(T91>0,1,0) -> 1 | Z91: =IF(T91="","","100%") -> 100% | AC91: Sudah
B92: W04 | C92: 086D | D92: 8.72 | E92: 43895 | F92: =IF(E92>0,1,0) -> 1 | G92: 43898 | H92: =IF(G92>0,1,0) -> 1 | I92: 43926 | J92: =IF(I92>0,0,1) -> 0 | K92: 43904 | L92: =IF(K92>0,0,1) -> 0 | M92: =IF(AND(J92>0,L92>0),1,0) -> 0 | N92: =IF(AND(I92>0,K92>0),MAX(I92:K92),"") -> 43926 | O92: =IF(N92>0,1,0) -> 1 | P92: =IF(O92>0,0,1) -> 0 | Q92: =IF(T92>0,"Selesai","Proses") -> Selesai | R92: =IF(Q92="proses",1,0) -> 0 | S92: 43935 | T92: 43949 | U92: =IF(T92>0,1,0) -> 1 | Z92: =IF(T92="","","100%") -> 100% | AC92: Sudah
B93: W04 | C93: 092A | D93: 10.55 | E93: 43889 | F93: =IF(E93>0,1,0) -> 1 | G93: 43890 | H93: =IF(G93>0,1,0) -> 1 | I93: 43922 | J93: =IF(I93>0,0,1) -> 0 | K93: 43907 | L93: =IF(K93>0,0,1) -> 0 | M93: =IF(AND(J93>0,L93>0),1,0) -> 0 | N93: =IF(AND(I93>0,K93>0),MAX(I93:K93),"") -> 43922 | O93: =IF(N93>0,1,0) -> 1 | P93: =IF(O93>0,0,1) -> 0 | Q93: =IF(T93>0,"Selesai","Proses") -> Selesai | R93: =IF(Q93="proses",1,0) -> 0 | S93: 43928 | T93: 43950 | U93: =IF(T93>0,1,0) -> 1 | Z93: =IF(T93="","","100%") -> 100% | AC93: Sudah
B94: W01 | C94: 019B | D94: 13.42 | E94: 43908 | F94: =IF(E94>0,1,0) -> 1 | G94: 43910 | H94: =IF(G94>0,1,0) -> 1 | I94: 43922 | J94: =IF(I94>0,0,1) -> 0 | K94: 43928 | L94: =IF(K94>0,0,1) -> 0 | M94: =IF(AND(J94>0,L94>0),1,0) -> 0 | N94: =IF(AND(I94>0,K94>0),MAX(I94:K94),"") -> 43928 | O94: =IF(N94>0,1,0) -> 1 | P94: =IF(O94>0,0,1) -> 0 | Q94: =IF(T94>0,"Selesai","Proses") -> Selesai | R94: =IF(Q94="proses",1,0) -> 0 | S94: 43931 | T94: 43950 | U94: =IF(T94>0,1,0) -> 1 | Z94: =IF(T94="","","100%") -> 100% | AC94: Sudah
B95: W04 | C95: 086B | D95: 9.05 | E95: 43894 | F95: =IF(E95>0,1,0) -> 1 | G95: 43897 | H95: =IF(G95>0,1,0) -> 1 | I95: 43925 | J95: =IF(I95>0,0,1) -> 0 | K95: 43904 | L95: =IF(K95>0,0,1) -> 0 | M95: =IF(AND(J95>0,L95>0),1,0) -> 0 | N95: =IF(AND(I95>0,K95>0),MAX(I95:K95),"") -> 43925 | O95: =IF(N95>0,1,0) -> 1 | P95: =IF(O95>0,0,1) -> 0 | Q95: =IF(T95>0,"Selesai","Proses") -> Selesai | R95: =IF(Q95="proses",1,0) -> 0 | S95: 43928 | T95: 43951 | U95: =IF(T95>0,1,0) -> 1 | Z95: =IF(T95="","","100%") -> 100% | AC95: Sudah
B96: W04 | C96: 092B | D96: 7.32 | E96: 43893 | F96: =IF(E96>0,1,0) -> 1 | G96: 43895 | H96: =IF(G96>0,1,0) -> 1 | I96: 43932 | J96: =IF(I96>0,0,1) -> 0 | K96: 43907 | L96: =IF(K96>0,0,1) -> 0 | M96: =IF(AND(J96>0,L96>0),1,0) -> 0 | N96: =IF(AND(I96>0,K96>0),MAX(I96:K96)+1,"") -> 43933 | O96: =IF(N96>0,1,0) -> 1 | P96: =IF(O96>0,0,1) -> 0 | Q96: =IF(T96>0,"Selesai","Proses") -> Selesai | R96: =IF(Q96="proses",1,0) -> 0 | S96: 43942 | T96: 43953 | U96: =IF(T96>0,1,0) -> 1 | Z96: =IF(T96="","","100%") -> 100% | AC96: Sudah
B97: W04 | C97: 088D | D97: 12.96 | E97: 43885 | F97: =IF(E97>0,1,0) -> 1 | G97: 43886 | H97: =IF(G97>0,1,0) -> 1 | I97: 43902 | J97: =IF(I97>0,0,1) -> 0 | K97: 43895 | L97: =IF(K97>0,0,1) -> 0 | M97: =IF(AND(J97>0,L97>0),1,0) -> 0 | N97: =IF(AND(I97>0,K97>0),MAX(I97:K97)+1,"") -> 43903 | O97: =IF(N97>0,1,0) -> 1 | P97: =IF(O97>0,0,1) -> 0 | Q97: =IF(T97>0,"Selesai","Proses") -> Selesai | R97: =IF(Q97="proses",1,0) -> 0 | S97: 43927 | T97: 43959 | U97: =IF(T97>0,1,0) -> 1 | Z97: =IF(T97="","","100%") -> 100% | AC97: Sudah
B98: W03 | C98: 026G | D98: 9.93 | E98: 43918 | F98: =IF(E98>0,1,0) -> 1 | G98: 43921 | H98: =IF(G98>0,1,0) -> 1 | I98: 43929 | J98: =IF(I98>0,0,1) -> 0 | K98: 43941 | L98: =IF(K98>0,0,1) -> 0 | M98: =IF(AND(J98>0,L98>0),1,0) -> 0 | N98: =IF(AND(I98>0,K98>0),MAX(I98:K98)+1,"") -> 43942 | O98: =IF(N98>0,1,0) -> 1 | P98: =IF(O98>0,0,1) -> 0 | Q98: =IF(T98>0,"Selesai","Proses") -> Selesai | R98: =IF(Q98="proses",1,0) -> 0 | S98: 43942 | T98: 43962 | U98: =IF(T98>0,1,0) -> 1 | Z98: =IF(T98="","","100%") -> 100% | AC98: Sudah
B99: W04 | C99: 092C1 | D99: 9.75 | E99: 43792 | F99: =IF(E99>0,1,0) -> 1 | G99: 43797 | H99: =IF(G99>0,1,0) -> 1 | I99: 43900 | J99: =IF(I99>0,0,1) -> 0 | K99: 43827 | L99: =IF(K99>0,0,1) -> 0 | M99: =IF(AND(J99>0,L99>0),1,0) -> 0 | N99: =IF(AND(I99>0,K99>0),MAX(I99:K99)+1,"") -> 43901 | O99: =IF(N99>0,1,0) -> 1 | P99: =IF(O99>0,0,1) -> 0 | Q99: =IF(T99>0,"Selesai","Proses") -> Selesai | R99: =IF(Q99="proses",1,0) -> 0 | S99: 43910 | T99: 43962 | U99: =IF(T99>0,1,0) -> 1 | Z99: =IF(T99="","","100%") -> 100% | AC99: Sudah
B100: W04 | C100: 092C3 | D100: 14 | E100: 43793 | F100: =IF(E100>0,1,0) -> 1 | G100: 43798 | H100: =IF(G100>0,1,0) -> 1 | I100: 43901 | J100: =IF(I100>0,0,1) -> 0 | K100: 43827 | L100: =IF(K100>0,0,1) -> 0 | M100: =IF(AND(J100>0,L100>0),1,0) -> 0 | N100: =IF(AND(I100>0,K100>0),MAX(I100:K100)+1,"") -> 43902 | O100: =IF(N100>0,1,0) -> 1 | P100: =IF(O100>0,0,1) -> 0 | Q100: =IF(T100>0,"Selesai","Proses") -> Selesai | R100: =IF(Q100="proses",1,0) -> 0 | S100: 43963 | T100: 43963 | U100: =IF(T100>0,1,0) -> 1 | Z100: =IF(T100="","","100%") -> 100% | AC100: Sudah
B101: W04 | C101: 100B | D101: 7.8 | E101: 43887 | F101: =IF(E101>0,1,0) -> 1 | G101: 43889 | H101: =IF(G101>0,1,0) -> 1 | I101: 43930 | J101: =IF(I101>0,0,1) -> 0 | K101: 43896 | L101: =IF(K101>0,0,1) -> 0 | M101: =IF(AND(J101>0,L101>0),1,0) -> 0 | N101: =IF(AND(I101>0,K101>0),MAX(I101:K101)+1,"") -> 43931 | O101: =IF(N101>0,1,0) -> 1 | P101: =IF(O101>0,0,1) -> 0 | Q101: =IF(T101>0,"Selesai","Proses") -> Selesai | R101: =IF(Q101="proses",1,0) -> 0 | S101: 43946 | T101: 43963 | U101: =IF(T101>0,1,0) -> 1 | Z101: =IF(T101="","","100%") -> 100% | AC101: Sudah
B102: W01 | C102: 026F | D102: 5.96 | E102: 43932 | F102: =IF(E102>0,1,0) -> 1 | G102: 43933 | H102: =IF(G102>0,1,0) -> 1 | I102: 43937 | J102: =IF(I102>0,0,1) -> 0 | K102: 43941 | L102: =IF(K102>0,0,1) -> 0 | M102: =IF(AND(J102>0,L102>0),1,0) -> 0 | N102: =IF(AND(I102>0,K102>0),MAX(I102:K102)+1,"") -> 43942 | O102: =IF(N102>0,1,0) -> 1 | P102: =IF(O102>0,0,1) -> 0 | Q102: =IF(T102>0,"Selesai","Proses") -> Selesai | R102: =IF(Q102="proses",1,0) -> 0 | S102: 43942 | T102: 43964 | U102: =IF(T102>0,1,0) -> 1 | Z102: =IF(T102="","","100%") -> 100% | AC102: Sudah
B103: W01 | C103: 012C | D103: 8.65 | E103: 43932 | F103: =IF(E103>0,1,0) -> 1 | G103: 43937 | H103: =IF(G103>0,1,0) -> 1 | I103: 43942 | J103: =IF(I103>0,0,1) -> 0 | K103: 43936 | L103: =IF(K103>0,0,1) -> 0 | M103: =IF(AND(J103>0,L103>0),1,0) -> 0 | N103: =IF(AND(I103>0,K103>0),MAX(I103:K103)+1,"") -> 43943 | O103: =IF(N103>0,1,0) -> 1 | P103: =IF(O103>0,0,1) -> 0 | Q103: =IF(T103>0,"Selesai","Proses") -> Selesai | R103: =IF(Q103="proses",1,0) -> 0 | S103: 43945 | T103: 43965 | U103: =IF(T103>0,1,0) -> 1 | Z103: =IF(T103="","","100%") -> 100% | AC103: Sudah
B104: W01 | C104: 002B | D104: 10.1 | E104: 43940 | F104: =IF(E104>0,1,0) -> 1 | G104: 43941 | H104: =IF(G104>0,1,0) -> 1 | I104: 43954 | J104: =IF(I104>0,0,1) -> 0 | K104: 43943 | L104: =IF(K104>0,0,1) -> 0 | M104: =IF(AND(J104>0,L104>0),1,0) -> 0 | N104: =IF(AND(I104>0,K104>0),MAX(I104:K104)+1,"") -> 43955 | O104: =IF(N104>0,1,0) -> 1 | P104: =IF(O104>0,0,1) -> 0 | Q104: =IF(T104>0,"Selesai","Proses") -> Selesai | R104: =IF(Q104="proses",1,0) -> 0 | S104: 43953 | T104: 43968 | U104: =IF(T104>0,1,0) -> 1 | Z104: =IF(T104="","","100%") -> 100% | AC104: Sudah
...

Sheet Prioritas
B2: Monitor Siap Nanas PG1
B4: Wil. | C4: Lokasi | D4: Netto | E4: Jln & Saluran | F4: Pree | G4: Examini | H4: Siap Drop | I4: Jenis Bibit | J4: Kelas Bibit | K4: Tgl Mulai Tanam | L4: Luas Sudah Tanam | M4: Sisa Blm Tanam | N4: Percent Excamini | O4: Prioritas Excamini | P4: Keterangan
B5: Proses Tanam | R5: =+R6/4 -> 5
B6: W01 | C6: 003J | D6: 4.9 | E6: 44335 | F6: =VLOOKUP(C6,'Data Lokasi'!$C$203:$S$1681,9,0) -> 44338 | G6: =VLOOKUP(C6,'Data Lokasi'!$C$203:$S$1681,7,0) -> 44352 | H6: =MAX(F6:G6)+1 -> 44353 | I6: =VLOOKUP(C6,[15]Sheet1!$B$40:$F$71,4,0) -> Nursery | J6: Kecil | K6: =VLOOKUP(C6,'Data Lokasi'!$C$203:$S$1681,17,0) -> 44343 | L6: =VLOOKUP(C6,'Data Lokasi'!$C$203:$X$1681,21,0) -> 0 | M6: =VLOOKUP(C6,'Data Lokasi'!$C$203:$X$1681,22,0) -> 0 | R6: 20
B7: W01 | C7: 010B | D7: =VLOOKUP(C7,'Data Lokasi'!$C$203:$D$1681,2,0) -> 3.34 | E7: =VLOOKUP(C7,'Data Lokasi'!$C$203:$S$1681,5,0) -> 44335 | F7: =VLOOKUP(C7,'Data Lokasi'!$C$203:$S$1681,9,0) -> 44338 | G7: =VLOOKUP(C7,'Data Lokasi'!$C$203:$S$1681,7,0) -> 44357 | H7: =MAX(F7:G7)+1 -> 44358 | I7: =VLOOKUP(C7,[15]Sheet1!$B$40:$F$71,4,0) -> Crown | J7: =VLOOKUP(C7,[15]Sheet1!$B$40:$F$71,5,0) -> Kecil | K7: =VLOOKUP(C7,'Data Lokasi'!$C$203:$S$1681,17,0) -> 44347 | L7: =VLOOKUP(C7,'Data Lokasi'!$C$203:$X$1681,21,0) -> 0 | M7: =VLOOKUP(C7,'Data Lokasi'!$C$203:$X$1681,22,0) -> 0
B8: W01 | C8: 012B | D8: 10.3 | E8: =VLOOKUP(C8,'Data Lokasi'!$C$203:$S$1681,5,0) -> 44310 | F8: =VLOOKUP(C8,'Data Lokasi'!$C$203:$S$1681,9,0) -> 44317 | G8: =VLOOKUP(C8,'Data Lokasi'!$C$203:$S$1681,7,0) -> 44357 | H8: =MAX(F8:G8)+1 -> 44358 | I8: Sucker | J8: =VLOOKUP(C8,[15]Sheet1!$B$40:$F$71,5,0) -> Besar | K8: =VLOOKUP(C8,'Data Lokasi'!$C$203:$S$1681,17,0) -> 44347 | L8: =VLOOKUP(C8,'Data Lokasi'!$C$203:$X$1681,21,0) -> 0 | M8: 0
B9: W03 | C9: 050A | D9: =VLOOKUP(C9,'Data Lokasi'!$C$203:$D$1681,2,0) -> 12.16 | E9: =VLOOKUP(C9,'Data Lokasi'!$C$203:$S$1681,5,0) -> 44307 | F9: =VLOOKUP(C9,'Data Lokasi'!$C$203:$S$1681,9,0) -> 44308 | G9: =VLOOKUP(C9,'Data Lokasi'!$C$203:$S$1681,7,0) -> 44337 | H9: =MAX(F9:G9)+1 -> 44338 | I9: =VLOOKUP(C9,[15]Sheet1!$B$40:$F$71,4,0) -> Sucker | J9: =VLOOKUP(C9,[15]Sheet1!$B$40:$F$71,5,0) -> Sedang | K9: =VLOOKUP(C9,'Data Lokasi'!$C$203:$S$1681,17,0) -> 44347 | L9: 0 | M9: =VLOOKUP(C9,'Data Lokasi'!$C$203:$X$1681,22,0) -> 0
B10: W02 | C10: 062A1 | D10: =VLOOKUP(C10,'Data Lokasi'!$C$203:$D$1681,2,0) -> 5.7 | E10: =VLOOKUP(C10,'Data Lokasi'!$C$203:$S$1681,5,0) -> 44305 | F10: =VLOOKUP(C10,'Data Lokasi'!$C$203:$S$1681,9,0) -> 44309 | G10: =VLOOKUP(C10,'Data Lokasi'!$C$203:$S$1681,7,0) -> 44356 | H10: =MAX(F10:G10)+1 -> 44357 | I10: =VLOOKUP(C10,[15]Sheet1!$B$40:$F$71,4,0) -> Sucker | J10: =VLOOKUP(C10,[15]Sheet1!$B$40:$F$71,5,0) -> Besar | K10: =VLOOKUP(C10,'Data Lokasi'!$C$203:$S$1681,17,0) -> 44362 | L10: =VLOOKUP(C10,'Data Lokasi'!$C$203:$X$1681,21,0) -> 0 | M10: =VLOOKUP(C10,'Data Lokasi'!$C$203:$X$1681,22,0) -> 0
B11: W03 | C11: 066G | D11: =VLOOKUP(C11,'Data Lokasi'!$C$203:$D$1681,2,0) -> 13.48 | E11: =VLOOKUP(C11,'Data Lokasi'!$C$203:$S$1681,5,0) -> 44312 | F11: =VLOOKUP(C11,'Data Lokasi'!$C$203:$S$1681,9,0) -> 44322 | G11: =VLOOKUP(C11,'Data Lokasi'!$C$203:$S$1681,7,0) -> 44352 | H11: =MAX(F11:G11)+1 -> 44353 | I11: =VLOOKUP(C11,[15]Sheet1!$B$40:$F$71,4,0) -> Crown | J11: =VLOOKUP(C11,[15]Sheet1!$B$40:$F$71,5,0) -> Kecil | K11: =VLOOKUP(C11,'Data Lokasi'!$C$203:$S$1681,17,0) -> 44337 | L11: =VLOOKUP(C11,'Data Lokasi'!$C$203:$X$1681,21,0) -> 0 | M11: 0 | N11: 0.95
B12: W03 | C12: 066Q2 | D12: =VLOOKUP(C12,'Data Lokasi'!$C$203:$D$1681,2,0) -> 8.13 | E12: =VLOOKUP(C12,'Data Lokasi'!$C$203:$S$1681,5,0) -> 44345 | F12: =VLOOKUP(C12,'Data Lokasi'!$C$203:$S$1681,9,0) -> 44355 | G12: =VLOOKUP(C12,'Data Lokasi'!$C$203:$S$1681,7,0) -> 44363 | H12: =MAX(F12:G12)+1 -> 44364 | I12: =VLOOKUP(C12,[15]Sheet1!$B$40:$F$71,4,0) -> Nursery | J12: =VLOOKUP(C12,[15]Sheet1!$B$40:$F$71,5,0) -> Sedang | K12: =VLOOKUP(C12,'Data Lokasi'!$C$203:$S$1681,17,0) -> 44358 | L12: =VLOOKUP(C12,'Data Lokasi'!$C$203:$X$1681,21,0) -> 0 | M12: =VLOOKUP(C12,'Data Lokasi'!$C$203:$X$1681,22,0) -> 0
B13: W03 | C13: 066T | D13: =VLOOKUP(C13,'Data Lokasi'!$C$203:$D$1681,2,0) -> 7.7 | E13: =VLOOKUP(C13,'Data Lokasi'!$C$203:$S$1681,5,0) -> 44340 | F13: =VLOOKUP(C13,'Data Lokasi'!$C$203:$S$1681,9,0) -> 44355 | G13: =VLOOKUP(C13,'Data Lokasi'!$C$203:$S$1681,7,0) -> 44367 | H13: =MAX(F13:G13)+1 -> 44368 | I13: =VLOOKUP(C13,[15]Sheet1!$B$40:$F$71,4,0) -> Nursery | J13: =VLOOKUP(C13,[15]Sheet1!$B$40:$F$71,5,0) -> Sedang | K13: =VLOOKUP(C13,'Data Lokasi'!$C$203:$S$1681,17,0) -> 44358 | L13: =VLOOKUP(C13,'Data Lokasi'!$C$203:$X$1681,21,0) -> 0 | M13: =VLOOKUP(C13,'Data Lokasi'!$C$203:$X$1681,22,0) -> 0 | N13: 0.05
B14: W03 | C14: 067E | D14: =VLOOKUP(C14,'Data Lokasi'!$C$203:$D$1681,2,0) -> 8.39 | E14: =VLOOKUP(C14,'Data Lokasi'!$C$203:$S$1681,5,0) -> 44315 | F14: =VLOOKUP(C14,'Data Lokasi'!$C$203:$S$1681,9,0) -> 44333 | G14: =VLOOKUP(C14,'Data Lokasi'!$C$203:$S$1681,7,0) -> 44348 | H14: =MAX(F14:G14)+1 -> 44349 | I14: =VLOOKUP(C14,[15]Sheet1!$B$40:$F$71,4,0) -> Crown | J14: =VLOOKUP(C14,[15]Sheet1!$B$40:$F$71,5,0) -> Kecil | K14: =VLOOKUP(C14,'Data Lokasi'!$C$203:$S$1681,17,0) -> 44341 | L14: =VLOOKUP(C14,'Data Lokasi'!$C$203:$X$1681,21,0) -> 0 | M14: =VLOOKUP(C14,'Data Lokasi'!$C$203:$X$1681,22,0) -> 0
B15: W03 | C15: 067G | D15: =VLOOKUP(C15,'Data Lokasi'!$C$203:$D$1681,2,0) -> 1.92 | E15: =VLOOKUP(C15,'Data Lokasi'!$C$203:$S$1681,5,0) -> 44315 | F15: =VLOOKUP(C15,'Data Lokasi'!$C$203:$S$1681,9,0) -> 44333 | G15: =VLOOKUP(C15,'Data Lokasi'!$C$203:$S$1681,7,0) -> 44348 | H15: =MAX(F15:G15)+1 -> 44349 | I15: =VLOOKUP(C15,[15]Sheet1!$B$40:$F$71,4,0) -> Crown | J15: =VLOOKUP(C15,[15]Sheet1!$B$40:$F$71,5,0) -> Kecil | K15: =VLOOKUP(C15,'Data Lokasi'!$C$203:$S$1681,17,0) -> 44340 | L15: =VLOOKUP(C15,'Data Lokasi'!$C$203:$X$1681,21,0) -> 0 | M15: =VLOOKUP(C15,'Data Lokasi'!$C$203:$X$1681,22,0) -> 0
B16: W03 | C16: 072H1 | D16: =VLOOKUP(C16,'Data Lokasi'!$C$203:$D$1681,2,0) -> 10.52 | E16: =VLOOKUP(C16,'Data Lokasi'!$C$203:$S$1681,5,0) -> 44316 | F16: =VLOOKUP(C16,'Data Lokasi'!$C$203:$S$1681,9,0) -> 44333 | G16: =VLOOKUP(C16,'Data Lokasi'!$C$203:$S$1681,7,0) -> 44367 | H16: =MAX(F16:G16)+1 -> 44368 | I16: =VLOOKUP(C16,[15]Sheet1!$B$40:$F$71,4,0) -> Crown | J16: =VLOOKUP(C16,[15]Sheet1!$B$40:$F$71,5,0) -> Kecil | K16: =VLOOKUP(C16,'Data Lokasi'!$C$203:$S$1681,17,0) -> 44362 | L16: =VLOOKUP(C16,'Data Lokasi'!$C$203:$X$1681,21,0) -> 0 | M16: =VLOOKUP(C16,'Data Lokasi'!$C$203:$X$1681,22,0) -> 0 | N16: 0
B17: W03 | C17: 073C | D17: =VLOOKUP(C17,'Data Lokasi'!$C$203:$D$1681,2,0) -> 6.56 | E17: =VLOOKUP(C17,'Data Lokasi'!$C$203:$S$1681,5,0) -> 44322 | F17: =VLOOKUP(C17,'Data Lokasi'!$C$203:$S$1681,9,0) -> 44344 | G17: =VLOOKUP(C17,'Data Lokasi'!$C$203:$S$1681,7,0) -> 44367 | H17: =MAX(F17:G17)+1 -> 44368 | I17: =VLOOKUP(C17,[15]Sheet1!$B$40:$F$71,4,0) -> Crown | J17: =VLOOKUP(C17,[15]Sheet1!$B$40:$F$71,5,0) -> Kecil | K17: =VLOOKUP(C17,'Data Lokasi'!$C$203:$S$1681,17,0) -> 44349 | L17: =VLOOKUP(C17,'Data Lokasi'!$C$203:$X$1681,21,0) -> 0 | M17: =VLOOKUP(C17,'Data Lokasi'!$C$203:$X$1681,22,0) -> 0 | N17: 0
B18: W03 | C18: 073E | D18: =VLOOKUP(C18,'Data Lokasi'!$C$203:$D$1681,2,0) -> 8.28 | E18: =VLOOKUP(C18,'Data Lokasi'!$C$203:$S$1681,5,0) -> 44324 | F18: =VLOOKUP(C18,'Data Lokasi'!$C$203:$S$1681,9,0) -> 44344 | G18: =VLOOKUP(C18,'Data Lokasi'!$C$203:$S$1681,7,0) -> 44367 | H18: =MAX(F18:G18)+1 -> 44368 | I18: =VLOOKUP(C18,[15]Sheet1!$B$40:$F$71,4,0) -> Crown | J18: =VLOOKUP(C18,[15]Sheet1!$B$40:$F$71,5,0) -> Kecil | K18: =VLOOKUP(C18,'Data Lokasi'!$C$203:$S$1681,17,0) -> 44357 | L18: =VLOOKUP(C18,'Data Lokasi'!$C$203:$X$1681,21,0) -> 0 | M18: =VLOOKUP(C18,'Data Lokasi'!$C$203:$X$1681,22,0) -> 0 | N18: 0
B19: W03 | C19: 073L | D19: =VLOOKUP(C19,'Data Lokasi'!$C$203:$D$1681,2,0) -> 11.91 | E19: =VLOOKUP(C19,'Data Lokasi'!$C$203:$S$1681,5,0) -> 44320 | F19: =VLOOKUP(C19,'Data Lokasi'!$C$203:$S$1681,9,0) -> 44340 | G19: =VLOOKUP(C19,'Data Lokasi'!$C$203:$S$1681,7,0) -> 44365 | H19: =MAX(F19:G19)+1 -> 44366 | I19: =VLOOKUP(C19,[15]Sheet1!$B$40:$F$71,4,0) -> Crown | J19: =VLOOKUP(C19,[15]Sheet1!$B$40:$F$71,5,0) -> Kecil | K19: =VLOOKUP(C19,'Data Lokasi'!$C$203:$S$1681,17,0) -> 44345 | L19: =VLOOKUP(C19,'Data Lokasi'!$C$203:$X$1681,21,0) -> 0 | M19: =VLOOKUP(C19,'Data Lokasi'!$C$203:$X$1681,22,0) -> 0 | N19: 0.5
B20: W04 | C20: 088C3 | D20: =VLOOKUP(C20,'Data Lokasi'!$C$203:$D$1681,2,0) -> 8.28 | E20: =VLOOKUP(C20,'Data Lokasi'!$C$203:$S$1681,5,0) -> 44316 | F20: =VLOOKUP(C20,'Data Lokasi'!$C$203:$S$1681,9,0) -> 44333 | G20: =VLOOKUP(C20,'Data Lokasi'!$C$203:$S$1681,7,0) -> 44362 | H20: =MAX(F20:G20)+1 -> 44363 | I20: =VLOOKUP(C20,[15]Sheet1!$B$40:$F$71,4,0) -> Sucker | J20: =VLOOKUP(C20,[15]Sheet1!$B$40:$F$71,5,0) -> Besar | K20: =VLOOKUP(C20,'Data Lokasi'!$C$203:$S$1681,17,0) -> 44352 | L20: =VLOOKUP(C20,'Data Lokasi'!$C$203:$X$1681,21,0) -> 0 | M20: =VLOOKUP(C20,'Data Lokasi'!$C$203:$X$1681,22,0) -> 0
B21: W04 | C21: 093E | D21: =VLOOKUP(C21,'Data Lokasi'!$C$203:$D$1681,2,0) -> 10.62 | E21: =VLOOKUP(C21,'Data Lokasi'!$C$203:$S$1681,5,0) -> 44308 | F21: =VLOOKUP(C21,'Data Lokasi'!$C$203:$S$1681,9,0) -> 44319 | G21: =VLOOKUP(C21,'Data Lokasi'!$C$203:$S$1681,7,0) -> 44362 | H21: =MAX(F21:G21)+1 -> 44363 | I21: =VLOOKUP(C21,[15]Sheet1!$B$40:$F$71,4,0) -> Nursery | J21: =VLOOKUP(C21,[15]Sheet1!$B$40:$F$71,5,0) -> Kecil | K21: =VLOOKUP(C21,'Data Lokasi'!$C$203:$S$1681,17,0) -> 44339 | L21: =VLOOKUP(C21,'Data Lokasi'!$C$203:$X$1681,21,0) -> 0 | M21: =VLOOKUP(C21,'Data Lokasi'!$C$203:$X$1681,22,0) -> 0
B22: W04 | C22: 096J | D22: =VLOOKUP(C22,'Data Lokasi'!$C$203:$D$1681,2,0) -> 12.38 | E22: =VLOOKUP(C22,'Data Lokasi'!$C$203:$S$1681,5,0) -> 44296 | F22: =VLOOKUP(C22,'Data Lokasi'!$C$203:$S$1681,9,0) -> 44305 | G22: =VLOOKUP(C22,'Data Lokasi'!$C$203:$S$1681,7,0) -> 44314 | H22: =MAX(F22:G22)+1 -> 44315 | I22: =VLOOKUP(C22,[15]Sheet1!$B$40:$F$71,4,0) -> Nursery | J22: =VLOOKUP(C22,[15]Sheet1!$B$40:$F$71,5,0) -> Kecil | K22: =VLOOKUP(C22,'Data Lokasi'!$C$203:$S$1681,17,0) -> 44307 | L22: =VLOOKUP(C22,'Data Lokasi'!$C$203:$X$1681,21,0) -> 0 | M22: =VLOOKUP(C22,'Data Lokasi'!$C$203:$X$1681,22,0) -> 0
P23: =SUM(P11:P22) -> 0
B25: Siap Tanam
B26: W01 | C26: 004I | D26: =VLOOKUP(C26,'Data Lokasi'!$C$203:$D$1681,2,0) -> 5.05 | E26: =VLOOKUP(C26,'Data Lokasi'!$C$203:$S$1681,5,0) -> 44350 | F26: =VLOOKUP(C26,'Data Lokasi'!$C$203:$S$1681,9,0) -> 44358 | G26: =VLOOKUP(C26,'Data Lokasi'!$C$203:$S$1681,7,0) -> 44356 | H26: =MAX(F26:G26)+1 -> 44359 | I26: Sucker
B27: W03 | C27: 050A | D27: =VLOOKUP(C27,'Data Lokasi'!$C$203:$D$1681,2,0) -> 12.16 | E27: =VLOOKUP(C27,'Data Lokasi'!$C$203:$S$1681,5,0) -> 44307 | F27: =VLOOKUP(C27,'Data Lokasi'!$C$203:$S$1681,9,0) -> 44308 | G27: =VLOOKUP(C27,'Data Lokasi'!$C$203:$S$1681,7,0) -> 44337 | H27: =MAX(F27:G27)+1 -> 44338 | I27: Sucker
B29: Proses Siap Tanam
B30: W01 | C30: 004K | D30: =VLOOKUP(C30,'Data Lokasi'!$C$203:$D$1681,2,0) -> 9.75 | E30: =VLOOKUP(C30,'Data Lokasi'!$C$203:$S$1681,5,0) -> 44350 | F30: =VLOOKUP(C30,'Data Lokasi'!$C$203:$S$1681,9,0) -> 44358 | N30: 0.8
B31: W01 | C31: 008F9 | D31: =VLOOKUP(C31,'Data Lokasi'!$C$203:$D$1681,2,0) -> 8.85 | E31: =VLOOKUP(C31,'Data Lokasi'!$C$203:$S$1681,5,0) -> 44360 | N31: 0.01
B32: W01 | C32: 024I | D32: =VLOOKUP(C32,'Data Lokasi'!$C$203:$D$1681,2,0) -> 11.33 | E32: =VLOOKUP(C32,'Data Lokasi'!$C$203:$S$1681,5,0) -> 44356
B33: W03 | C33: 026A | D33: =VLOOKUP(C33,'Data Lokasi'!$C$203:$D$1681,2,0) -> 5.5 | E33: =VLOOKUP(C33,'Data Lokasi'!$C$203:$S$1681,5,0) -> 44359
B34: W03 | C34: 026B | D34: =VLOOKUP(C34,'Data Lokasi'!$C$203:$D$1681,2,0) -> 8.18 | E34: =VLOOKUP(C34,'Data Lokasi'!$C$203:$S$1681,5,0) -> 44359 | N34: 0.6
B35: W02 | C35: 034C | D35: =VLOOKUP(C35,'Data Lokasi'!$C$203:$D$1681,2,0) -> 8.09 | E35: =VLOOKUP(C35,'Data Lokasi'!$C$203:$S$1681,5,0) -> 44360 | F35: =VLOOKUP(C35,'Data Lokasi'!$C$203:$S$1681,9,0) -> 44362
B36: W02 | C36: 034D | D36: =VLOOKUP(C36,'Data Lokasi'!$C$203:$D$1681,2,0) -> 10.31 | E36: =VLOOKUP(C36,'Data Lokasi'!$C$203:$S$1681,5,0) -> 44360 | F36: =VLOOKUP(C36,'Data Lokasi'!$C$203:$S$1681,9,0) -> 44362 | N36: 0.25
B37: W03 | C37: 069D1 | D37: =VLOOKUP(C37,'Data Lokasi'!$C$203:$D$1681,2,0) -> 6.32 | E37: =VLOOKUP(C37,'Data Lokasi'!$C$203:$S$1681,5,0) -> 44337 | F37: =VLOOKUP(C37,'Data Lokasi'!$C$203:$S$1681,9,0) -> 44355
B38: W03 | C38: 072A | D38: =VLOOKUP(C38,'Data Lokasi'!$C$203:$D$1681,2,0) -> 11.32 | E38: =VLOOKUP(C38,'Data Lokasi'!$C$203:$S$1681,5,0) -> 44337 | F38: =VLOOKUP(C38,'Data Lokasi'!$C$203:$S$1681,9,0) -> 44344 | N38: 0.9
B39: W03 | C39: 073B | D39: =VLOOKUP(C39,'Data Lokasi'!$C$203:$D$1681,2,0) -> 8.83 | E39: =VLOOKUP(C39,'Data Lokasi'!$C$203:$S$1681,5,0) -> 44336 | F39: =VLOOKUP(C39,'Data Lokasi'!$C$203:$S$1681,9,0) -> 44344
B40: W03 | C40: 073D1 | D40: =VLOOKUP(C40,'Data Lokasi'!$C$203:$D$1681,2,0) -> 12.82 | E40: =VLOOKUP(C40,'Data Lokasi'!$C$203:$S$1681,5,0) -> 44344 | F40: =VLOOKUP(C40,'Data Lokasi'!$C$203:$S$1681,9,0) -> 44356
B41: W03 | C41: 073F | D41: =VLOOKUP(C41,'Data Lokasi'!$C$203:$D$1681,2,0) -> 6.02 | E41: =VLOOKUP(C41,'Data Lokasi'!$C$203:$S$1681,5,0) -> 44336 | F41: =VLOOKUP(C41,'Data Lokasi'!$C$203:$S$1681,9,0) -> 44344
B42: W04 | C42: 078F | D42: =VLOOKUP(C42,'Data Lokasi'!$C$203:$D$1681,2,0) -> 9.51 | E42: =VLOOKUP(C42,'Data Lokasi'!$C$203:$S$1681,5,0) -> 44338 | F42: =VLOOKUP(C42,'Data Lokasi'!$C$203:$S$1681,9,0) -> 44347
B43: W04 | C43: 085H | D43: =VLOOKUP(C43,'Data Lokasi'!$C$203:$D$1681,2,0) -> 12.31 | E43: =VLOOKUP(C43,'Data Lokasi'!$C$203:$S$1681,5,0) -> 44355
B45: Tunggu Bero
O54: Unit Rusak
B55: Proses Tutup Parit
B56: Wil. | C56: Lokasi | D56: Netto | E56: Tgl Tutup | N56: Proses Excamini | O56: Prioritas Excamini | P56: Keterangan
P62: =SUM(P57:P61) -> 0
O64: Total | P64: =P62+P54+P52+P23 -> 0

Sheet Singkong
B2: Singkong
G3: Aktifitas Terakhir | H3: Tanggal
B4: W02 | C4: 060CS | D4: SKBK2005 | E4: 0.59 | F4: 0.59
B5: W02 | C5: 064C2 | D5: SKBK2010 | E5: 2.15 | F5: 2.15
B6: W02 | C6: 065C1 | D6: SKBK2010 | E6: 0.95 | F6: 0.95
B7: W02 | C7: 065D1 | D7: SKBK2009 | E7: 1.7 | F7: 1.7
F8: =SUM(F4:F7) -> 5.39
B10: W03 | C10: 066P1 | D10: SKFC2001 | E10: 0.7 | F10: 0.5
B11: W03 | C11: 067F | D11: SKBK2011 | E11: 3.8 | F11: 3.3
B12: W03 | C12: 071D2 | D12: SKFC2001 | E12: 1.12 | F12: 1.12
B13: W03 | C13: 071D3 | D13: SKFC2001 | E13: 4 | F13: 3.74
B14: W03 | C14: 080A | D14: SKBK2011 | E14: 9.72 | F14: 8.42
B15: W03 | C15: 080B | D15: SKBK2010 | E15: 1.5 | F15: 1.5
B16: W03 | C16: 082A1 | D16: SKBK2010 | E16: 1.4 | F16: 1.3
F17: =SUM(F10:F16) -> 19.88

Sheet Resume
B2: *Rubah Tanggal*
B3: Summary | C3: Tanam Bibit
B4: Tanggal | C4: 46308
B5: Wilayah | C5: Jenis | D5: Kelas | E5: Hasil(Ha)
B6: Timur | C6: Sucker | D6: Besar | E6: =SUMIFS('Input Real Tanam&Petik Nanas'!$G:$G,'Input Real Tanam&Petik Nanas'!$B:$B,Resume!$C$4,'Input Real Tanam&Petik Nanas'!$M:$M,Resume!$B$6,'Input Real Tanam&Petik Nanas'!$E:$E,Resume!$C$3) -> 0 | G6: Filter Wilayah
D7: Sedang | E7: =SUMIFS('Input Real Tanam&Petik Nanas'!$H:$H,'Input Real Tanam&Petik Nanas'!$B:$B,Resume!$C$4,'Input Real Tanam&Petik Nanas'!$M:$M,Resume!$B$6,'Input Real Tanam&Petik Nanas'!$E:$E,Resume!$C$3) -> 0.21 | J7: Wilayah | K7: Lokasi | L7: Luas Netto | M7: Luas | N7: % | O7: Jenis | P7: Persentase
D8: Kecil | E8: =SUMIFS('Input Real Tanam&Petik Nanas'!$I:$I,'Input Real Tanam&Petik Nanas'!$B:$B,Resume!$C$4,'Input Real Tanam&Petik Nanas'!$M:$M,Resume!$B$6,'Input Real Tanam&Petik Nanas'!$L:$L,"Sucker",'Input Real Tanam&Petik Nanas'!$E:$E,Resume!$C$3) -> 0 | G8: =VLOOKUP($AB$8,$Z$8:$AA$14,2,0) -> W03 | M8: Real | N8: Tanam | O8: Bibit | P8: Kelas Bibit | V8: Bantuan | Z8: 1 | AA8: W01 | AB8: 3
C9: Crown | D9: Kecil | E9: =SUMIFS('Input Real Tanam&Petik Nanas'!$I:$I,'Input Real Tanam&Petik Nanas'!$B:$B,Resume!$C$4,'Input Real Tanam&Petik Nanas'!$M:$M,Resume!$B$6,'Input Real Tanam&Petik Nanas'!$L:$L,"Crown",'Input Real Tanam&Petik Nanas'!$E:$E,Resume!$C$3) -> 2.11 | M9: Tanam | P9: Besar | Q9: Sedang | R9: Kecil | V9: Besar | W9: Sedang | X9: Kecil | Y9: Total | Z9: 2 | AA9: W02
B10: Total Timur | E10: =SUM(E6:E9) -> 2.32 | J10: {=_xlfn._xlws.FILTER('Data Lokasi'!B15:C31,'Data Lokasi'!B15:B31=Resume!$G$8)} -> W03 | K10: 061E1 | L10: =IFERROR(INDEX('Data Lokasi'!$D:$D,MATCH(Resume!$K10,'Data Lokasi'!$C:$C,0)),"") -> 3.85 | M10: =IFERROR(INDEX('Data Lokasi'!$V:$V,MATCH(Resume!$K10,'Data Lokasi'!$C:$C,0)),"") -> 3.85 | N10: =IF(ISERROR(M10/L10),"",(M10/L10)) -> 1 | O10: =IFERROR(VLOOKUP($K10,'Jenis Bibit'!$C$3:$E$200,2,0),"") -> Crown | P10: =IF(ISERROR(V10/$Y10),"",(V10/$Y10)) -> 0 | Q10: =IF(ISERROR(W10/$Y10),"",(W10/$Y10)) -> 0 | R10: =IF(ISERROR(X10/$Y10),"",(X10/$Y10)) -> 1 | V10: =SUMIFS('Input Real Tanam&Petik Nanas'!$G:$G,'Input Real Tanam&Petik Nanas'!$C:$C,Resume!$K10) -> 0 | W10: =SUMIFS('Input Real Tanam&Petik Nanas'!$H:$H,'Input Real Tanam&Petik Nanas'!$C:$C,Resume!$K10) -> 0 | X10: =SUMIFS('Input Real Tanam&Petik Nanas'!$I:$I,'Input Real Tanam&Petik Nanas'!$C:$C,Resume!$K10) -> 3.85 | Y10: =SUM(V10:X10) -> 3.85 | Z10: 3 | AA10: W03
B11: Barat | C11: Sucker | D11: Besar | E11: =SUMIFS('Input Real Tanam&Petik Nanas'!$G:$G,'Input Real Tanam&Petik Nanas'!$B:$B,Resume!$C$4,'Input Real Tanam&Petik Nanas'!$M:$M,$B$11,'Input Real Tanam&Petik Nanas'!$E:$E,Resume!$C$3) -> 0 | J11: W03 | K11: 061E2 | L11: =IFERROR(INDEX('Data Lokasi'!$D:$D,MATCH(Resume!$K11,'Data Lokasi'!$C:$C,0)),"") -> 6.01 | M11: =IFERROR(INDEX('Data Lokasi'!$V:$V,MATCH(Resume!$K11,'Data Lokasi'!$C:$C,0)),"") -> 6.01 | N11: =IF(ISERROR(M11/L11),"",(M11/L11)) -> 1 | O11: =IFERROR(VLOOKUP($K11,'Jenis Bibit'!$C$3:$E$200,2,0),"") -> Crown | P11: =IF(ISERROR(V11/$Y11),"",(V11/$Y11)) -> 0 | Q11: =IF(ISERROR(W11/$Y11),"",(W11/$Y11)) -> 0 | R11: =IF(ISERROR(X11/$Y11),"",(X11/$Y11)) -> 1 | V11: =SUMIFS('Input Real Tanam&Petik Nanas'!$G:$G,'Input Real Tanam&Petik Nanas'!$C:$C,Resume!$K11) -> 0 | W11: =SUMIFS('Input Real Tanam&Petik Nanas'!$H:$H,'Input Real Tanam&Petik Nanas'!$C:$C,Resume!$K11) -> 0 | X11: =SUMIFS('Input Real Tanam&Petik Nanas'!$I:$I,'Input Real Tanam&Petik Nanas'!$C:$C,Resume!$K11) -> 7.72 | Y11: =SUM(V11:X11) -> 7.72 | Z11: 4 | AA11: W04
D12: Sedang | E12: =SUMIFS('Input Real Tanam&Petik Nanas'!$H:$H,'Input Real Tanam&Petik Nanas'!$B:$B,Resume!$C$4,'Input Real Tanam&Petik Nanas'!$M:$M,$B$11,'Input Real Tanam&Petik Nanas'!$E:$E,Resume!$C$3) -> 0 | J12: W03 | K12: 063E | L12: =IFERROR(INDEX('Data Lokasi'!$D:$D,MATCH(Resume!$K12,'Data Lokasi'!$C:$C,0)),"") -> 6.45 | M12: =IFERROR(INDEX('Data Lokasi'!$V:$V,MATCH(Resume!$K12,'Data Lokasi'!$C:$C,0)),"") -> 6.45 | N12: =IF(ISERROR(M12/L12),"",(M12/L12)) -> 1 | O12: =IFERROR(VLOOKUP($K12,'Jenis Bibit'!$C$3:$E$200,2,0),"") | P12: =IF(ISERROR(V12/$Y12),"",(V12/$Y12)) -> 0 | Q12: =IF(ISERROR(W12/$Y12),"",(W12/$Y12)) -> 0 | R12: =IF(ISERROR(X12/$Y12),"",(X12/$Y12)) -> 1 | V12: =SUMIFS('Input Real Tanam&Petik Nanas'!$G:$G,'Input Real Tanam&Petik Nanas'!$C:$C,Resume!$K12) -> 0 | W12: =SUMIFS('Input Real Tanam&Petik Nanas'!$H:$H,'Input Real Tanam&Petik Nanas'!$C:$C,Resume!$K12) -> 0 | X12: =SUMIFS('Input Real Tanam&Petik Nanas'!$I:$I,'Input Real Tanam&Petik Nanas'!$C:$C,Resume!$K12) -> 6.45 | Y12: =SUM(V12:X12) -> 6.45 | Z12: 5 | AA12: W05
D13: Kecil | E13: =SUMIFS('Input Real Tanam&Petik Nanas'!$I:$I,'Input Real Tanam&Petik Nanas'!$B:$B,Resume!$C$4,'Input Real Tanam&Petik Nanas'!$M:$M,$B$11,'Input Real Tanam&Petik Nanas'!$L:$L,"Sucker",'Input Real Tanam&Petik Nanas'!$E:$E,Resume!$C$3) -> 0.43 | J13: W03 | K13: 064B | L13: =IFERROR(INDEX('Data Lokasi'!$D:$D,MATCH(Resume!$K13,'Data Lokasi'!$C:$C,0)),"") -> 4.19 | M13: =IFERROR(INDEX('Data Lokasi'!$V:$V,MATCH(Resume!$K13,'Data Lokasi'!$C:$C,0)),"") -> 4.19 | N13: =IF(ISERROR(M13/L13),"",(M13/L13)) -> 1 | O13: =IFERROR(VLOOKUP($K13,'Jenis Bibit'!$C$3:$E$200,2,0),"") -> Crown | P13: =IF(ISERROR(V13/$Y13),"",(V13/$Y13)) -> 0 | Q13: =IF(ISERROR(W13/$Y13),"",(W13/$Y13)) -> 0 | R13: =IF(ISERROR(X13/$Y13),"",(X13/$Y13)) -> 1 | V13: =SUMIFS('Input Real Tanam&Petik Nanas'!$G:$G,'Input Real Tanam&Petik Nanas'!$C:$C,Resume!$K13) -> 0 | W13: =SUMIFS('Input Real Tanam&Petik Nanas'!$H:$H,'Input Real Tanam&Petik Nanas'!$C:$C,Resume!$K13) -> 0 | X13: =SUMIFS('Input Real Tanam&Petik Nanas'!$I:$I,'Input Real Tanam&Petik Nanas'!$C:$C,Resume!$K13) -> 4.19 | Y13: =SUM(V13:X13) -> 4.19 | Z13: 6 | AA13: W06
C14: Crown | D14: Kecil | E14: =SUMIFS('Input Real Tanam&Petik Nanas'!$I:$I,'Input Real Tanam&Petik Nanas'!$B:$B,Resume!$C$4,'Input Real Tanam&Petik Nanas'!$M:$M,$B$11,'Input Real Tanam&Petik Nanas'!$L:$L,"Crown",'Input Real Tanam&Petik Nanas'!$E:$E,Resume!$C$3) -> 0.95 | J14: W03 | K14: 063A | L14: =IFERROR(INDEX('Data Lokasi'!$D:$D,MATCH(Resume!$K14,'Data Lokasi'!$C:$C,0)),"") -> 10.65 | M14: =IFERROR(INDEX('Data Lokasi'!$V:$V,MATCH(Resume!$K14,'Data Lokasi'!$C:$C,0)),"") -> 10.52 | N14: =IF(ISERROR(M14/L14),"",(M14/L14)) -> 0.98779343 | O14: =IFERROR(VLOOKUP($K14,'Jenis Bibit'!$C$3:$E$200,2,0),"") -> Crown | P14: =IF(ISERROR(V14/$Y14),"",(V14/$Y14)) -> 0.00066522535 | Q14: =IF(ISERROR(W14/$Y14),"",(W14/$Y14)) -> 0.033094961 | R14: =IF(ISERROR(X14/$Y14),"",(X14/$Y14)) -> 0.96623981 | V14: =SUMIFS('Input Real Tanam&Petik Nanas'!$G:$G,'Input Real Tanam&Petik Nanas'!$C:$C,Resume!$K14) -> 0.008 | W14: =SUMIFS('Input Real Tanam&Petik Nanas'!$H:$H,'Input Real Tanam&Petik Nanas'!$C:$C,Resume!$K14) -> 0.398 | X14: =SUMIFS('Input Real Tanam&Petik Nanas'!$I:$I,'Input Real Tanam&Petik Nanas'!$C:$C,Resume!$K14) -> 11.62 | Y14: =SUM(V14:X14) -> 12.026 | Z14: 7 | AA14: W07
B15: Total Barat | E15: =SUM(E11:E14) -> 1.38 | L15: =IFERROR(INDEX('Data Lokasi'!$D:$D,MATCH(Resume!$K15,'Data Lokasi'!$C:$C,0)),"") | M15: =IFERROR(INDEX('Data Lokasi'!$V:$V,MATCH(Resume!$K15,'Data Lokasi'!$C:$C,0)),"") | N15: =IF(ISERROR(M15/L15),"",(M15/L15)) | O15: =IFERROR(VLOOKUP($K15,'Jenis Bibit'!$C$3:$E$200,2,0),"") | P15: =IF(ISERROR(V15/$Y15),"",(V15/$Y15)) | Q15: =IF(ISERROR(W15/$Y15),"",(W15/$Y15)) | R15: =IF(ISERROR(X15/$Y15),"",(X15/$Y15)) | V15: =SUMIFS('Input Real Tanam&Petik Nanas'!$G:$G,'Input Real Tanam&Petik Nanas'!$C:$C,Resume!$K15) -> 0 | W15: =SUMIFS('Input Real Tanam&Petik Nanas'!$H:$H,'Input Real Tanam&Petik Nanas'!$C:$C,Resume!$K15) -> 0 | X15: =SUMIFS('Input Real Tanam&Petik Nanas'!$I:$I,'Input Real Tanam&Petik Nanas'!$C:$C,Resume!$K15) -> 0 | Y15: =SUM(V15:X15) -> 0
B16: Total | E16: =E10+E15 -> 3.7 | L16: =IFERROR(INDEX('Data Lokasi'!$D:$D,MATCH(Resume!$K16,'Data Lokasi'!$C:$C,0)),"") | M16: =IFERROR(INDEX('Data Lokasi'!$V:$V,MATCH(Resume!$K16,'Data Lokasi'!$C:$C,0)),"") | N16: =IF(ISERROR(M16/L16),"",(M16/L16)) | O16: =IFERROR(VLOOKUP($K16,'Jenis Bibit'!$C$3:$E$200,2,0),"") | P16: =IF(ISERROR(V16/$Y16),"",(V16/$Y16)) | Q16: =IF(ISERROR(W16/$Y16),"",(W16/$Y16)) | R16: =IF(ISERROR(X16/$Y16),"",(X16/$Y16)) | V16: =SUMIFS('Input Real Tanam&Petik Nanas'!$G:$G,'Input Real Tanam&Petik Nanas'!$C:$C,Resume!$K16) -> 0 | W16: =SUMIFS('Input Real Tanam&Petik Nanas'!$H:$H,'Input Real Tanam&Petik Nanas'!$C:$C,Resume!$K16) -> 0 | X16: =SUMIFS('Input Real Tanam&Petik Nanas'!$I:$I,'Input Real Tanam&Petik Nanas'!$C:$C,Resume!$K16) -> 0 | Y16: =SUM(V16:X16) -> 0
C17: Petik Bibit | L17: =IFERROR(INDEX('Data Lokasi'!$D:$D,MATCH(Resume!$K17,'Data Lokasi'!$C:$C,0)),"") | M17: =IFERROR(INDEX('Data Lokasi'!$V:$V,MATCH(Resume!$K17,'Data Lokasi'!$C:$C,0)),"") | N17: =IF(ISERROR(M17/L17),"",(M17/L17)) | O17: =IFERROR(VLOOKUP($K17,'Jenis Bibit'!$C$3:$E$200,2,0),"") | P17: =IF(ISERROR(V17/$Y17),"",(V17/$Y17)) | Q17: =IF(ISERROR(W17/$Y17),"",(W17/$Y17)) | R17: =IF(ISERROR(X17/$Y17),"",(X17/$Y17)) | V17: =SUMIFS('Input Real Tanam&Petik Nanas'!$G:$G,'Input Real Tanam&Petik Nanas'!$C:$C,Resume!$K17) -> 0 | W17: =SUMIFS('Input Real Tanam&Petik Nanas'!$H:$H,'Input Real Tanam&Petik Nanas'!$C:$C,Resume!$K17) -> 0 | X17: =SUMIFS('Input Real Tanam&Petik Nanas'!$I:$I,'Input Real Tanam&Petik Nanas'!$C:$C,Resume!$K17) -> 0 | Y17: =SUM(V17:X17) -> 0
B18: Summary | C18: Petik Bibit | L18: =IFERROR(INDEX('Data Lokasi'!$D:$D,MATCH(Resume!$K18,'Data Lokasi'!$C:$C,0)),"") | M18: =IFERROR(INDEX('Data Lokasi'!$V:$V,MATCH(Resume!$K18,'Data Lokasi'!$C:$C,0)),"") | N18: =IF(ISERROR(M18/L18),"",(M18/L18)) | O18: =IFERROR(VLOOKUP($K18,'Jenis Bibit'!$C$3:$E$200,2,0),"") | P18: =IF(ISERROR(V18/$Y18),"",(V18/$Y18)) | Q18: =IF(ISERROR(W18/$Y18),"",(W18/$Y18)) | R18: =IF(ISERROR(X18/$Y18),"",(X18/$Y18)) | V18: =SUMIFS('Input Real Tanam&Petik Nanas'!$G:$G,'Input Real Tanam&Petik Nanas'!$C:$C,Resume!$K18) -> 0 | W18: =SUMIFS('Input Real Tanam&Petik Nanas'!$H:$H,'Input Real Tanam&Petik Nanas'!$C:$C,Resume!$K18) -> 0 | X18: =SUMIFS('Input Real Tanam&Petik Nanas'!$I:$I,'Input Real Tanam&Petik Nanas'!$C:$C,Resume!$K18) -> 0 | Y18: =SUM(V18:X18) -> 0
B19: Tanggal | C19: =C4 -> 46308 | D19: 15 | L19: =IFERROR(INDEX('Data Lokasi'!$D:$D,MATCH(Resume!$K19,'Data Lokasi'!$C:$C,0)),"") | M19: =IFERROR(INDEX('Data Lokasi'!$V:$V,MATCH(Resume!$K19,'Data Lokasi'!$C:$C,0)),"") | N19: =IF(ISERROR(M19/L19),"",(M19/L19)) | O19: =IFERROR(VLOOKUP($K19,'Jenis Bibit'!$C$3:$E$200,2,0),"") | P19: =IF(ISERROR(V19/$Y19),"",(V19/$Y19)) | Q19: =IF(ISERROR(W19/$Y19),"",(W19/$Y19)) | R19: =IF(ISERROR(X19/$Y19),"",(X19/$Y19)) | V19: =SUMIFS('Input Real Tanam&Petik Nanas'!$G:$G,'Input Real Tanam&Petik Nanas'!$C:$C,Resume!$K19) -> 0 | W19: =SUMIFS('Input Real Tanam&Petik Nanas'!$H:$H,'Input Real Tanam&Petik Nanas'!$C:$C,Resume!$K19) -> 0 | X19: =SUMIFS('Input Real Tanam&Petik Nanas'!$I:$I,'Input Real Tanam&Petik Nanas'!$C:$C,Resume!$K19) -> 0 | Y19: =SUM(V19:X19) -> 0
B20: Wilayah | C20: Jenis | D20: Kelas | E20: Hasil(Ha) | L20: =IFERROR(INDEX('Data Lokasi'!$D:$D,MATCH(Resume!$K20,'Data Lokasi'!$C:$C,0)),"") | M20: =IFERROR(INDEX('Data Lokasi'!$V:$V,MATCH(Resume!$K20,'Data Lokasi'!$C:$C,0)),"") | N20: =IF(ISERROR(M20/L20),"",(M20/L20)) | O20: =IFERROR(VLOOKUP($K20,'Jenis Bibit'!$C$3:$E$200,2,0),"") | P20: =IF(ISERROR(V20/$Y20),"",(V20/$Y20)) | Q20: =IF(ISERROR(W20/$Y20),"",(W20/$Y20)) | R20: =IF(ISERROR(X20/$Y20),"",(X20/$Y20)) | V20: =SUMIFS('Input Real Tanam&Petik Nanas'!$G:$G,'Input Real Tanam&Petik Nanas'!$C:$C,Resume!$K20) -> 0 | W20: =SUMIFS('Input Real Tanam&Petik Nanas'!$H:$H,'Input Real Tanam&Petik Nanas'!$C:$C,Resume!$K20) -> 0 | X20: =SUMIFS('Input Real Tanam&Petik Nanas'!$I:$I,'Input Real Tanam&Petik Nanas'!$C:$C,Resume!$K20) -> 0 | Y20: =SUM(V20:X20) -> 0
B21: Timur | C21: Sucker | D21: Besar | E21: =SUMIFS('Input Real Tanam&Petik Nanas'!$G:$G,'Input Real Tanam&Petik Nanas'!$B:$B,$C$19,'Input Real Tanam&Petik Nanas'!$M:$M,$B$21,'Input Real Tanam&Petik Nanas'!$E:$E,$C$18)+C33 -> 0.01
D22: Sedang | E22: =SUMIFS('Input Real Tanam&Petik Nanas'!$H:$H,'Input Real Tanam&Petik Nanas'!$B:$B,$C$19,'Input Real Tanam&Petik Nanas'!$M:$M,$B$21,'Input Real Tanam&Petik Nanas'!$E:$E,$C$18) -> 0.11
D23: Kecil | E23: =SUMIFS('Input Real Tanam&Petik Nanas'!$I:$I,'Input Real Tanam&Petik Nanas'!$B:$B,$C$19,'Input Real Tanam&Petik Nanas'!$M:$M,$B$21,'Input Real Tanam&Petik Nanas'!$L:$L,"Sucker",'Input Real Tanam&Petik Nanas'!$E:$E,$C$18) -> 0
C24: Crown | D24: Kecil | E24: =SUMIFS('Input Real Tanam&Petik Nanas'!$I:$I,'Input Real Tanam&Petik Nanas'!$B:$B,$C$19,'Input Real Tanam&Petik Nanas'!$M:$M,$B$21,'Input Real Tanam&Petik Nanas'!$L:$L,"Crown",'Input Real Tanam&Petik Nanas'!$E:$E,$C$18) -> 0
B25: Total Timur | E25: =SUM(E21:E24) -> 0.12
B26: Barat | C26: Sucker | D26: Besar | E26: =SUMIFS('Input Real Tanam&Petik Nanas'!$G:$G,'Input Real Tanam&Petik Nanas'!$B:$B,$C$19,'Input Real Tanam&Petik Nanas'!$M:$M,$B$26,'Input Real Tanam&Petik Nanas'!$E:$E,$C$18)+C38 -> 0
D27: Sedang | E27: =SUMIFS('Input Real Tanam&Petik Nanas'!$H:$H,'Input Real Tanam&Petik Nanas'!$B:$B,$C$19,'Input Real Tanam&Petik Nanas'!$M:$M,$B$26,'Input Real Tanam&Petik Nanas'!$E:$E,$C$18) -> 0.03
D28: Kecil | E28: =SUMIFS('Input Real Tanam&Petik Nanas'!$I:$I,'Input Real Tanam&Petik Nanas'!$B:$B,$C$19,'Input Real Tanam&Petik Nanas'!$M:$M,$B$26,'Input Real Tanam&Petik Nanas'!$L:$L,"Sucker",'Input Real Tanam&Petik Nanas'!$E:$E,$C$18) -> 0.6
C29: Crown | D29: Kecil | E29: =SUMIFS('Input Real Tanam&Petik Nanas'!$I:$I,'Input Real Tanam&Petik Nanas'!$B:$B,$C$19,'Input Real Tanam&Petik Nanas'!$M:$M,$B$26,'Input Real Tanam&Petik Nanas'!$L:$L,"Crown",'Input Real Tanam&Petik Nanas'!$E:$E,$C$18) -> 1.1
B30: Total Barat | E30: =SUM(E26:E29) -> 1.73
B31: Total | E31: =E25+E30 -> 1.85
B33: Standar | C33: =SUMIFS('Input Real Tanam&Petik Nanas'!$F:$F,'Input Real Tanam&Petik Nanas'!$E:$E,Resume!$C$18,'Input Real Tanam&Petik Nanas'!$B:$B,Resume!$C$19,'Input Real Tanam&Petik Nanas'!$M:$M,Resume!$B$21) -> 0
B38: Standar | C38: =SUMIFS('Input Real Tanam&Petik Nanas'!$F:$F,'Input Real Tanam&Petik Nanas'!$E:$E,Resume!$C$18,'Input Real Tanam&Petik Nanas'!$B:$B,Resume!$C$19,'Input Real Tanam&Petik Nanas'!$M:$M,$B$26) -> 0

Sheet Input Real Tanam&Petik Nanas
B6: Tanggal | C6: Lokasi | D6: Luas | E6: Aktivitas | G6: Kelas Bibit | J6: Total Ha | K6: Total Btg | L6: Jenis Bibit | M6: Wilayah | N6: Tanggal | O6: Tanggal | P6: Akum | Q6: % Tanam | R6: Petik
D7: Netto (Ha) | F7: Standar | G7: Besar | H7: Sedang | I7: Kecil | N7: Awal Tanam | O7: Selesai Tanam | P7: Tanam | R7: Ke-
B8: 46188 | C8: 054B1 | D8: =IFERROR(VLOOKUP(C8,'Data Lokasi'!C:D,2,0),"") -> 7.2 | E8: Tanam Bibit | I8: 1.89 | J8: =IF(SUM(F8:I8)=0,"",(SUM(F8:I8))) -> 1.89 | L8: Crown | M8: Timur | N8: =IFERROR(INDEX('Data Lokasi'!S:S,MATCH('Input Real Tanam&Petik Nanas'!C8,'Data Lokasi'!C:C,0)),"") -> 45132 | P8: =IFERROR(INDEX('Data Lokasi'!V:V,MATCH(C8,'Data Lokasi'!C:C,0)),"") -> 0 | Q8: =IF(ISERROR(P8/D8),"",(P8/D8)) -> 0
B9: 46188 | C9: 054A | D9: =IFERROR(VLOOKUP(C9,'Data Lokasi'!C:D,2,0),"") -> 4.7 | E9: Tanam Bibit | I9: 0.18 | J9: =IF(SUM(F9:I9)=0,"",(SUM(F9:I9))) -> 0.18 | L9: Crown | M9: Timur | N9: =IFERROR(INDEX('Data Lokasi'!S:S,MATCH('Input Real Tanam&Petik Nanas'!C9,'Data Lokasi'!C:C,0)),"") -> 45190 | P9: =IFERROR(INDEX('Data Lokasi'!V:V,MATCH(C9,'Data Lokasi'!C:C,0)),"") -> 0 | Q9: =IF(ISERROR(P9/D9),"",(P9/D9)) -> 0
B10: 46188 | C10: 067B | D10: =IFERROR(VLOOKUP(C10,'Data Lokasi'!C:D,2,0),"") -> 8.39 | E10: Tanam Bibit | I10: 0.21 | J10: =IF(SUM(F10:I10)=0,"",(SUM(F10:I10))) -> 0.21 | L10: Crown | M10: Timur | N10: =IFERROR(INDEX('Data Lokasi'!S:S,MATCH('Input Real Tanam&Petik Nanas'!C10,'Data Lokasi'!C:C,0)),"") -> 43988 | P10: =IFERROR(INDEX('Data Lokasi'!V:V,MATCH(C10,'Data Lokasi'!C:C,0)),"") -> 0 | Q10: =IF(ISERROR(P10/D10),"",(P10/D10)) -> 0
B11: 46188 | C11: 050B2B | D11: =IFERROR(VLOOKUP(C11,'Data Lokasi'!C:D,2,0),"") -> 6.22 | E11: Tanam Bibit | I11: 0.23 | J11: =IF(SUM(F11:I11)=0,"",(SUM(F11:I11))) -> 0.23 | L11: Crown | M11: Timur | N11: =IFERROR(INDEX('Data Lokasi'!S:S,MATCH('Input Real Tanam&Petik Nanas'!C11,'Data Lokasi'!C:C,0)),"") -> 45092 | P11: =IFERROR(INDEX('Data Lokasi'!V:V,MATCH(C11,'Data Lokasi'!C:C,0)),"") -> 0 | Q11: =IF(ISERROR(P11/D11),"",(P11/D11)) -> 0
B12: 46188 | C12: 007F5 | D12: =IFERROR(VLOOKUP(C12,'Data Lokasi'!C:D,2,0),"") -> 5.06 | E12: Tanam Bibit | I12: 0.05 | J12: =IF(SUM(F12:I12)=0,"",(SUM(F12:I12))) -> 0.05 | L12: Crown | M12: Timur | N12: =IFERROR(INDEX('Data Lokasi'!S:S,MATCH('Input Real Tanam&Petik Nanas'!C12,'Data Lokasi'!C:C,0)),"") -> 45002 | P12: =IFERROR(INDEX('Data Lokasi'!V:V,MATCH(C12,'Data Lokasi'!C:C,0)),"") -> 0 | Q12: =IF(ISERROR(P12/D12),"",(P12/D12)) -> 0
B13: 46188 | C13: 007F4 | D13: =IFERROR(VLOOKUP(C13,'Data Lokasi'!C:D,2,0),"") -> 7.35 | E13: Tanam Bibit | I13: 0.09 | J13: =IF(SUM(F13:I13)=0,"",(SUM(F13:I13))) -> 0.09 | L13: Crown | M13: Timur | N13: =IFERROR(INDEX('Data Lokasi'!S:S,MATCH('Input Real Tanam&Petik Nanas'!C13,'Data Lokasi'!C:C,0)),"") -> 44995 | P13: =IFERROR(INDEX('Data Lokasi'!V:V,MATCH(C13,'Data Lokasi'!C:C,0)),"") -> 0 | Q13: =IF(ISERROR(P13/D13),"",(P13/D13)) -> 0
B14: 46188 | C14: 044A3 | D14: =IFERROR(VLOOKUP(C14,'Data Lokasi'!C:D,2,0),"") -> 6.77 | E14: Tanam Bibit | I14: 0.12 | J14: =IF(SUM(F14:I14)=0,"",(SUM(F14:I14))) -> 0.12 | L14: Crown | M14: Timur | N14: =IFERROR(INDEX('Data Lokasi'!S:S,MATCH('Input Real Tanam&Petik Nanas'!C14,'Data Lokasi'!C:C,0)),"") -> 44934 | P14: =IFERROR(INDEX('Data Lokasi'!V:V,MATCH(C14,'Data Lokasi'!C:C,0)),"") -> 0 | Q14: =IF(ISERROR(P14/D14),"",(P14/D14)) -> 0
B15: 46188 | C15: 004E | D15: =IFERROR(VLOOKUP(C15,'Data Lokasi'!C:D,2,0),"") -> 7.7 | E15: Tanam Bibit | H15: 0.25 | J15: =IF(SUM(F15:I15)=0,"",(SUM(F15:I15))) -> 0.25 | L15: Sucker | M15: Timur | N15: =IFERROR(INDEX('Data Lokasi'!S:S,MATCH('Input Real Tanam&Petik Nanas'!C15,'Data Lokasi'!C:C,0)),"") -> 45083 | P15: =IFERROR(INDEX('Data Lokasi'!V:V,MATCH(C15,'Data Lokasi'!C:C,0)),"") -> 0 | Q15: =IF(ISERROR(P15/D15),"",(P15/D15)) -> 0
B16: 46188 | C16: 089A | D16: =IFERROR(VLOOKUP(C16,'Data Lokasi'!C:D,2,0),"") -> 3.08 | E16: Tanam Bibit | I16: 0.17 | J16: =IF(SUM(F16:I16)=0,"",(SUM(F16:I16))) -> 0.17 | L16: Crown | M16: Barat | N16: =IFERROR(INDEX('Data Lokasi'!S:S,MATCH('Input Real Tanam&Petik Nanas'!C16,'Data Lokasi'!C:C,0)),"") -> 44781 | P16: =IFERROR(INDEX('Data Lokasi'!V:V,MATCH(C16,'Data Lokasi'!C:C,0)),"") -> 0 | Q16: =IF(ISERROR(P16/D16),"",(P16/D16)) -> 0
B17: 46188 | C17: 097H | D17: =IFERROR(VLOOKUP(C17,'Data Lokasi'!C:D,2,0),"") -> 7.7 | E17: Tanam Bibit | I17: 1.28 | J17: =IF(SUM(F17:I17)=0,"",(SUM(F17:I17))) -> 1.28 | L17: Crown | M17: Barat | N17: =IFERROR(INDEX('Data Lokasi'!S:S,MATCH('Input Real Tanam&Petik Nanas'!C17,'Data Lokasi'!C:C,0)),"") -> 44079 | P17: =IFERROR(INDEX('Data Lokasi'!V:V,MATCH(C17,'Data Lokasi'!C:C,0)),"") -> 0 | Q17: =IF(ISERROR(P17/D17),"",(P17/D17)) -> 0
B18: 46188 | C18: 085E | D18: =IFERROR(VLOOKUP(C18,'Data Lokasi'!C:D,2,0),"") -> 8.33 | E18: Tanam Bibit | I18: 0.64 | J18: =IF(SUM(F18:I18)=0,"",(SUM(F18:I18))) -> 0.64 | L18: Crown | M18: Barat | N18: =IFERROR(INDEX('Data Lokasi'!S:S,MATCH('Input Real Tanam&Petik Nanas'!C18,'Data Lokasi'!C:C,0)),"") -> 44125 | P18: =IFERROR(INDEX('Data Lokasi'!V:V,MATCH(C18,'Data Lokasi'!C:C,0)),"") -> 0 | Q18: =IF(ISERROR(P18/D18),"",(P18/D18)) -> 0
B19: 46188 | C19: 082G | D19: =IFERROR(VLOOKUP(C19,'Data Lokasi'!C:D,2,0),"") -> 5.88 | E19: Tanam Bibit | G19: 0.04 | H19: 0.14 | J19: =IF(SUM(F19:I19)=0,"",(SUM(F19:I19))) -> 0.18 | L19: Sucker | M19: Barat | N19: =IFERROR(INDEX('Data Lokasi'!S:S,MATCH('Input Real Tanam&Petik Nanas'!C19,'Data Lokasi'!C:C,0)),"") -> 44300 | P19: =IFERROR(INDEX('Data Lokasi'!V:V,MATCH(C19,'Data Lokasi'!C:C,0)),"") -> 0 | Q19: =IF(ISERROR(P19/D19),"",(P19/D19)) -> 0
B20: 46188 | C20: 098C | D20: =IFERROR(VLOOKUP(C20,'Data Lokasi'!C:D,2,0),"") -> 6.97 | E20: Tanam Bibit | I20: 0.35 | J20: =IF(SUM(F20:I20)=0,"",(SUM(F20:I20))) -> 0.35 | L20: Crown | M20: Barat | N20: =IFERROR(INDEX('Data Lokasi'!S:S,MATCH('Input Real Tanam&Petik Nanas'!C20,'Data Lokasi'!C:C,0)),"") -> 44020 | P20: =IFERROR(INDEX('Data Lokasi'!V:V,MATCH(C20,'Data Lokasi'!C:C,0)),"") -> 0 | Q20: =IF(ISERROR(P20/D20),"",(P20/D20)) -> 0
B21: 46188 | C21: 084H | D21: =IFERROR(VLOOKUP(C21,'Data Lokasi'!C:D,2,0),"") -> 6.35 | E21: Tanam Bibit | I21: 0.05 | J21: =IF(SUM(F21:I21)=0,"",(SUM(F21:I21))) -> 0.05 | L21: Sucker | M21: Barat | N21: =IFERROR(INDEX('Data Lokasi'!S:S,MATCH('Input Real Tanam&Petik Nanas'!C21,'Data Lokasi'!C:C,0)),"") -> 44931 | P21: =IFERROR(INDEX('Data Lokasi'!V:V,MATCH(C21,'Data Lokasi'!C:C,0)),"") -> 0 | Q21: =IF(ISERROR(P21/D21),"",(P21/D21)) -> 0
B22: 46188 | C22: 080A1 | D22: =IFERROR(VLOOKUP(C22,'Data Lokasi'!C:D,2,0),"") -> 3.83 | E22: Tanam Bibit | G22: 0.04 | J22: =IF(SUM(F22:I22)=0,"",(SUM(F22:I22))) -> 0.04 | L22: Sucker | M22: Barat | N22: =IFERROR(INDEX('Data Lokasi'!S:S,MATCH('Input Real Tanam&Petik Nanas'!C22,'Data Lokasi'!C:C,0)),"") -> 46151 | P22: =IFERROR(INDEX('Data Lokasi'!V:V,MATCH(C22,'Data Lokasi'!C:C,0)),"") -> 0 | Q22: =IF(ISERROR(P22/D22),"",(P22/D22)) -> 0
B23: 46188 | C23: 072C | D23: =IFERROR(VLOOKUP(C23,'Data Lokasi'!C:D,2,0),"") -> 9.28 | E23: Tanam Bibit | I23: 0.32 | J23: =IF(SUM(F23:I23)=0,"",(SUM(F23:I23))) -> 0.32 | L23: Crown | M23: Barat | N23: =IFERROR(INDEX('Data Lokasi'!S:S,MATCH('Input Real Tanam&Petik Nanas'!C23,'Data Lokasi'!C:C,0)),"") -> 44064 | P23: =IFERROR(INDEX('Data Lokasi'!V:V,MATCH(C23,'Data Lokasi'!C:C,0)),"") -> 0 | Q23: =IF(ISERROR(P23/D23),"",(P23/D23)) -> 0
B24: 46187 | C24: 007F5 | D24: =IFERROR(VLOOKUP(C24,'Data Lokasi'!C:D,2,0),"") -> 5.06 | E24: Tanam Bibit | I24: 0.18 | J24: =IF(SUM(F24:I24)=0,"",(SUM(F24:I24))) -> 0.18 | L24: Crown | M24: Timur | N24: =IFERROR(INDEX('Data Lokasi'!S:S,MATCH('Input Real Tanam&Petik Nanas'!C24,'Data Lokasi'!C:C,0)),"") -> 45002 | P24: =IFERROR(INDEX('Data Lokasi'!V:V,MATCH(C24,'Data Lokasi'!C:C,0)),"") -> 0 | Q24: =IF(ISERROR(P24/D24),"",(P24/D24)) -> 0
B25: 46187 | C25: 007F4 | D25: =IFERROR(VLOOKUP(C25,'Data Lokasi'!C:D,2,0),"") -> 7.35 | E25: Tanam Bibit | I25: 0.08 | J25: =IF(SUM(F25:I25)=0,"",(SUM(F25:I25))) -> 0.08 | L25: Crown | M25: Timur | N25: =IFERROR(INDEX('Data Lokasi'!S:S,MATCH('Input Real Tanam&Petik Nanas'!C25,'Data Lokasi'!C:C,0)),"") -> 44995 | P25: =IFERROR(INDEX('Data Lokasi'!V:V,MATCH(C25,'Data Lokasi'!C:C,0)),"") -> 0 | Q25: =IF(ISERROR(P25/D25),"",(P25/D25)) -> 0
B26: 46187 | C26: 004E | D26: =IFERROR(VLOOKUP(C26,'Data Lokasi'!C:D,2,0),"") -> 7.7 | E26: Tanam Bibit | I26: 0.19 | J26: =IF(SUM(F26:I26)=0,"",(SUM(F26:I26))) -> 0.19 | L26: Sucker | M26: Timur | N26: =IFERROR(INDEX('Data Lokasi'!S:S,MATCH('Input Real Tanam&Petik Nanas'!C26,'Data Lokasi'!C:C,0)),"") -> 45083 | P26: =IFERROR(INDEX('Data Lokasi'!V:V,MATCH(C26,'Data Lokasi'!C:C,0)),"") -> 0 | Q26: =IF(ISERROR(P26/D26),"",(P26/D26)) -> 0
B27: 46187 | C27: 044A3 | D27: =IFERROR(VLOOKUP(C27,'Data Lokasi'!C:D,2,0),"") -> 6.77 | E27: Tanam Bibit | I27: 0.12 | J27: =IF(SUM(F27:I27)=0,"",(SUM(F27:I27))) -> 0.12 | L27: Crown | M27: Timur | N27: =IFERROR(INDEX('Data Lokasi'!S:S,MATCH('Input Real Tanam&Petik Nanas'!C27,'Data Lokasi'!C:C,0)),"") -> 44934 | P27: =IFERROR(INDEX('Data Lokasi'!V:V,MATCH(C27,'Data Lokasi'!C:C,0)),"") -> 0 | Q27: =IF(ISERROR(P27/D27),"",(P27/D27)) -> 0
B28: 46187 | C28: 065A4 | D28: =IFERROR(VLOOKUP(C28,'Data Lokasi'!C:D,2,0),"") -> 2 | E28: Tanam Bibit | I28: 0.14 | J28: =IF(SUM(F28:I28)=0,"",(SUM(F28:I28))) -> 0.14 | L28: Sucker | M28: Timur | N28: =IFERROR(INDEX('Data Lokasi'!S:S,MATCH('Input Real Tanam&Petik Nanas'!C28,'Data Lokasi'!C:C,0)),"") -> 46175 | P28: =IFERROR(INDEX('Data Lokasi'!V:V,MATCH(C28,'Data Lokasi'!C:C,0)),"") -> 0 | Q28: =IF(ISERROR(P28/D28),"",(P28/D28)) -> 0
B29: 46187 | C29: 065B5 | D29: =IFERROR(VLOOKUP(C29,'Data Lokasi'!C:D,2,0),"") -> 7.19 | E29: Tanam Bibit | G29: 0.31 | J29: =IF(SUM(F29:I29)=0,"",(SUM(F29:I29))) -> 0.31 | L29: Sucker | M29: Timur | N29: =IFERROR(INDEX('Data Lokasi'!S:S,MATCH('Input Real Tanam&Petik Nanas'!C29,'Data Lokasi'!C:C,0)),"") -> 46177 | P29: =IFERROR(INDEX('Data Lokasi'!V:V,MATCH(C29,'Data Lokasi'!C:C,0)),"") -> 0 | Q29: =IF(ISERROR(P29/D29),"",(P29/D29)) -> 0
B30: 46187 | C30: 050B2B | D30: =IFERROR(VLOOKUP(C30,'Data Lokasi'!C:D,2,0),"") -> 6.22 | E30: Tanam Bibit | I30: 0.1 | J30: =IF(SUM(F30:I30)=0,"",(SUM(F30:I30))) -> 0.1 | L30: Crown | M30: Timur | N30: =IFERROR(INDEX('Data Lokasi'!S:S,MATCH('Input Real Tanam&Petik Nanas'!C30,'Data Lokasi'!C:C,0)),"") -> 45092 | P30: =IFERROR(INDEX('Data Lokasi'!V:V,MATCH(C30,'Data Lokasi'!C:C,0)),"") -> 0 | Q30: =IF(ISERROR(P30/D30),"",(P30/D30)) -> 0
B31: 46187 | C31: 054B1 | D31: =IFERROR(VLOOKUP(C31,'Data Lokasi'!C:D,2,0),"") -> 7.2 | E31: Tanam Bibit | I31: 1.04 | J31: =IF(SUM(F31:I31)=0,"",(SUM(F31:I31))) -> 1.04 | L31: Crown | M31: Timur | N31: =IFERROR(INDEX('Data Lokasi'!S:S,MATCH('Input Real Tanam&Petik Nanas'!C31,'Data Lokasi'!C:C,0)),"") -> 45132 | P31: =IFERROR(INDEX('Data Lokasi'!V:V,MATCH(C31,'Data Lokasi'!C:C,0)),"") -> 0 | Q31: =IF(ISERROR(P31/D31),"",(P31/D31)) -> 0
B32: 46187 | C32: 089A | D32: =IFERROR(VLOOKUP(C32,'Data Lokasi'!C:D,2,0),"") -> 3.08 | E32: Tanam Bibit | I32: 0.29 | J32: =IF(SUM(F32:I32)=0,"",(SUM(F32:I32))) -> 0.29 | L32: Crown | M32: Barat | N32: =IFERROR(INDEX('Data Lokasi'!S:S,MATCH('Input Real Tanam&Petik Nanas'!C32,'Data Lokasi'!C:C,0)),"") -> 44781 | P32: =IFERROR(INDEX('Data Lokasi'!V:V,MATCH(C32,'Data Lokasi'!C:C,0)),"") -> 0 | Q32: =IF(ISERROR(P32/D32),"",(P32/D32)) -> 0
B33: 46187 | C33: 097H | D33: =IFERROR(VLOOKUP(C33,'Data Lokasi'!C:D,2,0),"") -> 7.7 | E33: Tanam Bibit | I33: 1.81 | J33: =IF(SUM(F33:I33)=0,"",(SUM(F33:I33))) -> 1.81 | L33: Crown | M33: Barat | N33: =IFERROR(INDEX('Data Lokasi'!S:S,MATCH('Input Real Tanam&Petik Nanas'!C33,'Data Lokasi'!C:C,0)),"") -> 44079 | P33: =IFERROR(INDEX('Data Lokasi'!V:V,MATCH(C33,'Data Lokasi'!C:C,0)),"") -> 0 | Q33: =IF(ISERROR(P33/D33),"",(P33/D33)) -> 0
B34: 46187 | C34: 072C | D34: =IFERROR(VLOOKUP(C34,'Data Lokasi'!C:D,2,0),"") -> 9.28 | E34: Tanam Bibit | I34: 0.05 | J34: =IF(SUM(F34:I34)=0,"",(SUM(F34:I34))) -> 0.05 | L34: Crown | M34: Barat | N34: =IFERROR(INDEX('Data Lokasi'!S:S,MATCH('Input Real Tanam&Petik Nanas'!C34,'Data Lokasi'!C:C,0)),"") -> 44064 | P34: =IFERROR(INDEX('Data Lokasi'!V:V,MATCH(C34,'Data Lokasi'!C:C,0)),"") -> 0 | Q34: =IF(ISERROR(P34/D34),"",(P34/D34)) -> 0
B35: 46187 | C35: 082G | D35: =IFERROR(VLOOKUP(C35,'Data Lokasi'!C:D,2,0),"") -> 5.88 | E35: Tanam Bibit | G35: 0.06 | H35: 0.03 | J35: =IF(SUM(F35:I35)=0,"",(SUM(F35:I35))) -> 0.09 | L35: Sucker | M35: Barat | N35: =IFERROR(INDEX('Data Lokasi'!S:S,MATCH('Input Real Tanam&Petik Nanas'!C35,'Data Lokasi'!C:C,0)),"") -> 44300 | P35: =IFERROR(INDEX('Data Lokasi'!V:V,MATCH(C35,'Data Lokasi'!C:C,0)),"") -> 0 | Q35: =IF(ISERROR(P35/D35),"",(P35/D35)) -> 0
B36: 46187 | C36: 098A1 | D36: =IFERROR(VLOOKUP(C36,'Data Lokasi'!C:D,2,0),"") -> 8.02 | E36: Tanam Bibit | I36: 0.08 | J36: =IF(SUM(F36:I36)=0,"",(SUM(F36:I36))) -> 0.08 | L36: Crown | M36: Barat | N36: =IFERROR(INDEX('Data Lokasi'!S:S,MATCH('Input Real Tanam&Petik Nanas'!C36,'Data Lokasi'!C:C,0)),"") -> 44970 | P36: =IFERROR(INDEX('Data Lokasi'!V:V,MATCH(C36,'Data Lokasi'!C:C,0)),"") -> 0 | Q36: =IF(ISERROR(P36/D36),"",(P36/D36)) -> 0
B37: 46187 | C37: 084H | D37: =IFERROR(VLOOKUP(C37,'Data Lokasi'!C:D,2,0),"") -> 6.35 | E37: Tanam Bibit | I37: 0.03 | J37: =IF(SUM(F37:I37)=0,"",(SUM(F37:I37))) -> 0.03 | L37: Sucker | M37: Barat | N37: =IFERROR(INDEX('Data Lokasi'!S:S,MATCH('Input Real Tanam&Petik Nanas'!C37,'Data Lokasi'!C:C,0)),"") -> 44931 | P37: =IFERROR(INDEX('Data Lokasi'!V:V,MATCH(C37,'Data Lokasi'!C:C,0)),"") -> 0 | Q37: =IF(ISERROR(P37/D37),"",(P37/D37)) -> 0
B38: 46187 | C38: 082C | D38: =IFERROR(VLOOKUP(C38,'Data Lokasi'!C:D,2,0),"") -> 10.5 | E38: Tanam Bibit | H38: 0.18 | J38: =IF(SUM(F38:I38)=0,"",(SUM(F38:I38))) -> 0.18 | L38: Sucker | M38: Barat | N38: =IFERROR(INDEX('Data Lokasi'!S:S,MATCH('Input Real Tanam&Petik Nanas'!C38,'Data Lokasi'!C:C,0)),"") -> 44311 | P38: =IFERROR(INDEX('Data Lokasi'!V:V,MATCH(C38,'Data Lokasi'!C:C,0)),"") -> 0 | Q38: =IF(ISERROR(P38/D38),"",(P38/D38)) -> 0
B39: 46186 | C39: 054B1 | D39: =IFERROR(VLOOKUP(C39,'Data Lokasi'!C:D,2,0),"") -> 7.2 | E39: Tanam Bibit | I39: 1.66 | J39: =IF(SUM(F39:I39)=0,"",(SUM(F39:I39))) -> 1.66 | L39: Crown | M39: Timur | N39: =IFERROR(INDEX('Data Lokasi'!S:S,MATCH('Input Real Tanam&Petik Nanas'!C39,'Data Lokasi'!C:C,0)),"") -> 45132 | P39: =IFERROR(INDEX('Data Lokasi'!V:V,MATCH(C39,'Data Lokasi'!C:C,0)),"") -> 0 | Q39: =IF(ISERROR(P39/D39),"",(P39/D39)) -> 0
B40: 46186 | C40: 065B5 | D40: =IFERROR(VLOOKUP(C40,'Data Lokasi'!C:D,2,0),"") -> 7.19 | E40: Tanam Bibit | H40: 0.39 | J40: =IF(SUM(F40:I40)=0,"",(SUM(F40:I40))) -> 0.39 | L40: Sucker | M40: Timur | N40: =IFERROR(INDEX('Data Lokasi'!S:S,MATCH('Input Real Tanam&Petik Nanas'!C40,'Data Lokasi'!C:C,0)),"") -> 46177 | P40: =IFERROR(INDEX('Data Lokasi'!V:V,MATCH(C40,'Data Lokasi'!C:C,0)),"") -> 0 | Q40: =IF(ISERROR(P40/D40),"",(P40/D40)) -> 0
B41: 46186 | C41: 067B | D41: =IFERROR(VLOOKUP(C41,'Data Lokasi'!C:D,2,0),"") -> 8.39 | E41: Tanam Bibit | I41: 0.4 | J41: =IF(SUM(F41:I41)=0,"",(SUM(F41:I41))) -> 0.4 | L41: Crown | M41: Timur | N41: =IFERROR(INDEX('Data Lokasi'!S:S,MATCH('Input Real Tanam&Petik Nanas'!C41,'Data Lokasi'!C:C,0)),"") -> 43988 | P41: =IFERROR(INDEX('Data Lokasi'!V:V,MATCH(C41,'Data Lokasi'!C:C,0)),"") -> 0 | Q41: =IF(ISERROR(P41/D41),"",(P41/D41)) -> 0
B42: 46186 | C42: 007F5 | D42: =IFERROR(VLOOKUP(C42,'Data Lokasi'!C:D,2,0),"") -> 5.06 | E42: Tanam Bibit | I42: 0.06 | J42: =IF(SUM(F42:I42)=0,"",(SUM(F42:I42))) -> 0.06 | L42: Crown | M42: Timur | N42: =IFERROR(INDEX('Data Lokasi'!S:S,MATCH('Input Real Tanam&Petik Nanas'!C42,'Data Lokasi'!C:C,0)),"") -> 45002 | P42: =IFERROR(INDEX('Data Lokasi'!V:V,MATCH(C42,'Data Lokasi'!C:C,0)),"") -> 0 | Q42: =IF(ISERROR(P42/D42),"",(P42/D42)) -> 0
B43: 46186 | C43: 004E | D43: =IFERROR(VLOOKUP(C43,'Data Lokasi'!C:D,2,0),"") -> 7.7 | E43: Tanam Bibit | H43: 0.21 | J43: =IF(SUM(F43:I43)=0,"",(SUM(F43:I43))) -> 0.21 | L43: Sucker | M43: Timur | N43: =IFERROR(INDEX('Data Lokasi'!S:S,MATCH('Input Real Tanam&Petik Nanas'!C43,'Data Lokasi'!C:C,0)),"") -> 45083 | P43: =IFERROR(INDEX('Data Lokasi'!V:V,MATCH(C43,'Data Lokasi'!C:C,0)),"") -> 0 | Q43: =IF(ISERROR(P43/D43),"",(P43/D43)) -> 0
B44: 46186 | C44: 050B2B | D44: =IFERROR(VLOOKUP(C44,'Data Lokasi'!C:D,2,0),"") -> 6.22 | E44: Tanam Bibit | I44: 0.21 | J44: =IF(SUM(F44:I44)=0,"",(SUM(F44:I44))) -> 0.21 | L44: Crown | M44: Timur | N44: =IFERROR(INDEX('Data Lokasi'!S:S,MATCH('Input Real Tanam&Petik Nanas'!C44,'Data Lokasi'!C:C,0)),"") -> 45092 | P44: =IFERROR(INDEX('Data Lokasi'!V:V,MATCH(C44,'Data Lokasi'!C:C,0)),"") -> 0 | Q44: =IF(ISERROR(P44/D44),"",(P44/D44)) -> 0
B45: 46186 | C45: 089A | D45: =IFERROR(VLOOKUP(C45,'Data Lokasi'!C:D,2,0),"") -> 3.08 | E45: Tanam Bibit | I45: 0.55 | J45: =IF(SUM(F45:I45)=0,"",(SUM(F45:I45))) -> 0.55 | L45: Crown | M45: Barat | N45: =IFERROR(INDEX('Data Lokasi'!S:S,MATCH('Input Real Tanam&Petik Nanas'!C45,'Data Lokasi'!C:C,0)),"") -> 44781 | P45: =IFERROR(INDEX('Data Lokasi'!V:V,MATCH(C45,'Data Lokasi'!C:C,0)),"") -> 0 | Q45: =IF(ISERROR(P45/D45),"",(P45/D45)) -> 0
B46: 46186 | C46: 097H | D46: =IFERROR(VLOOKUP(C46,'Data Lokasi'!C:D,2,0),"") -> 7.7 | E46: Tanam Bibit | I46: 1.7 | J46: =IF(SUM(F46:I46)=0,"",(SUM(F46:I46))) -> 1.7 | L46: Crown | M46: Barat | N46: =IFERROR(INDEX('Data Lokasi'!S:S,MATCH('Input Real Tanam&Petik Nanas'!C46,'Data Lokasi'!C:C,0)),"") -> 44079 | P46: =IFERROR(INDEX('Data Lokasi'!V:V,MATCH(C46,'Data Lokasi'!C:C,0)),"") -> 0 | Q46: =IF(ISERROR(P46/D46),"",(P46/D46)) -> 0
B47: 46186 | C47: 072C | D47: =IFERROR(VLOOKUP(C47,'Data Lokasi'!C:D,2,0),"") -> 9.28 | E47: Tanam Bibit | I47: 0.2 | J47: =IF(SUM(F47:I47)=0,"",(SUM(F47:I47))) -> 0.2 | L47: Crown | M47: Barat | N47: =IFERROR(INDEX('Data Lokasi'!S:S,MATCH('Input Real Tanam&Petik Nanas'!C47,'Data Lokasi'!C:C,0)),"") -> 44064 | P47: =IFERROR(INDEX('Data Lokasi'!V:V,MATCH(C47,'Data Lokasi'!C:C,0)),"") -> 0 | Q47: =IF(ISERROR(P47/D47),"",(P47/D47)) -> 0
B48: 46186 | C48: 082G | D48: =IFERROR(VLOOKUP(C48,'Data Lokasi'!C:D,2,0),"") -> 5.88 | E48: Tanam Bibit | G48: 0.04 | H48: 0.18 | J48: =IF(SUM(F48:I48)=0,"",(SUM(F48:I48))) -> 0.22 | L48: Sucker | M48: Barat | N48: =IFERROR(INDEX('Data Lokasi'!S:S,MATCH('Input Real Tanam&Petik Nanas'!C48,'Data Lokasi'!C:C,0)),"") -> 44300 | P48: =IFERROR(INDEX('Data Lokasi'!V:V,MATCH(C48,'Data Lokasi'!C:C,0)),"") -> 0 | Q48: =IF(ISERROR(P48/D48),"",(P48/D48)) -> 0
B49: 46186 | C49: 098A1 | D49: =IFERROR(VLOOKUP(C49,'Data Lokasi'!C:D,2,0),"") -> 8.02 | E49: Tanam Bibit | I49: 0.03 | J49: =IF(SUM(F49:I49)=0,"",(SUM(F49:I49))) -> 0.03 | L49: Crown | M49: Barat | N49: =IFERROR(INDEX('Data Lokasi'!S:S,MATCH('Input Real Tanam&Petik Nanas'!C49,'Data Lokasi'!C:C,0)),"") -> 44970 | P49: =IFERROR(INDEX('Data Lokasi'!V:V,MATCH(C49,'Data Lokasi'!C:C,0)),"") -> 0 | Q49: =IF(ISERROR(P49/D49),"",(P49/D49)) -> 0
B50: 46185 | C50: 054B1 | D50: =IFERROR(VLOOKUP(C50,'Data Lokasi'!C:D,2,0),"") -> 7.2 | E50: Tanam Bibit | I50: 1.28 | J50: =IF(SUM(F50:I50)=0,"",(SUM(F50:I50))) -> 1.28 | L50: Crown | M50: Timur | N50: =IFERROR(INDEX('Data Lokasi'!S:S,MATCH('Input Real Tanam&Petik Nanas'!C50,'Data Lokasi'!C:C,0)),"") -> 45132 | P50: =IFERROR(INDEX('Data Lokasi'!V:V,MATCH(C50,'Data Lokasi'!C:C,0)),"") -> 0 | Q50: =IF(ISERROR(P50/D50),"",(P50/D50)) -> 0
B51: 46188 | C51: 033B1 | D51: =IFERROR(VLOOKUP(C51,'Data Lokasi'!C:D,2,0),"") -> 9.93 | E51: Petik Bibit | I51: 1.46 | J51: =IF(SUM(F51:I51)=0,"",(SUM(F51:I51))) -> 1.46 | L51: Crown | M51: Timur | N51: =IFERROR(INDEX('Data Lokasi'!S:S,MATCH('Input Real Tanam&Petik Nanas'!C51,'Data Lokasi'!C:C,0)),"") -> 44574 | P51: =IFERROR(INDEX('Data Lokasi'!V:V,MATCH(C51,'Data Lokasi'!C:C,0)),"") -> 0 | Q51: =IF(ISERROR(P51/D51),"",(P51/D51)) -> 0
B52: 46188 | C52: 085H1 | D52: =IFERROR(VLOOKUP(C52,'Data Lokasi'!C:D,2,0),"") -> 8.18 | E52: Petik Bibit | G52: 0.15 | H52: 0.8 | J52: =IF(SUM(F52:I52)=0,"",(SUM(F52:I52))) -> 0.95 | L52: Sucker | M52: Barat | N52: =IFERROR(INDEX('Data Lokasi'!S:S,MATCH('Input Real Tanam&Petik Nanas'!C52,'Data Lokasi'!C:C,0)),"") -> 44335 | P52: =IFERROR(INDEX('Data Lokasi'!V:V,MATCH(C52,'Data Lokasi'!C:C,0)),"") -> 0 | Q52: =IF(ISERROR(P52/D52),"",(P52/D52)) -> 0
B53: 46188 | C53: 049C2 | D53: =IFERROR(VLOOKUP(C53,'Data Lokasi'!C:D,2,0),"") -> 10.05 | E53: Petik Bibit | I53: 0.53 | J53: =IF(SUM(F53:I53)=0,"",(SUM(F53:I53))) -> 0.53 | L53: Crown | M53: Timur | N53: =IFERROR(INDEX('Data Lokasi'!S:S,MATCH('Input Real Tanam&Petik Nanas'!C53,'Data Lokasi'!C:C,0)),"") -> 44604 | P53: =IFERROR(INDEX('Data Lokasi'!V:V,MATCH(C53,'Data Lokasi'!C:C,0)),"") -> 0 | Q53: =IF(ISERROR(P53/D53),"",(P53/D53)) -> 0
B54: 46188 | C54: 069B2 | D54: =IFERROR(VLOOKUP(C54,'Data Lokasi'!C:D,2,0),"") -> 9.93 | E54: Petik Bibit | I54: 2.51 | J54: =IF(SUM(F54:I54)=0,"",(SUM(F54:I54))) -> 2.51 | L54: Crown | M54: Barat | N54: =IFERROR(INDEX('Data Lokasi'!S:S,MATCH('Input Real Tanam&Petik Nanas'!C54,'Data Lokasi'!C:C,0)),"") -> 0 | P54: =IFERROR(INDEX('Data Lokasi'!V:V,MATCH(C54,'Data Lokasi'!C:C,0)),"") -> 0 | Q54: =IF(ISERROR(P54/D54),"",(P54/D54)) -> 0
B55: 46187 | C55: 049C2 | D55: =IFERROR(VLOOKUP(C55,'Data Lokasi'!C:D,2,0),"") -> 10.05 | E55: Petik Bibit | I55: 1.19 | J55: =IF(SUM(F55:I55)=0,"",(SUM(F55:I55))) -> 1.19 | L55: Crown | M55: Timur | N55: =IFERROR(INDEX('Data Lokasi'!S:S,MATCH('Input Real Tanam&Petik Nanas'!C55,'Data Lokasi'!C:C,0)),"") -> 44604 | P55: =IFERROR(INDEX('Data Lokasi'!V:V,MATCH(C55,'Data Lokasi'!C:C,0)),"") -> 0 | Q55: =IF(ISERROR(P55/D55),"",(P55/D55)) -> 0
B56: 46187 | C56: 066F | D56: =IFERROR(VLOOKUP(C56,'Data Lokasi'!C:D,2,0),"") -> 9.82 | E56: Petik Bibit | I56: 0.6 | J56: =IF(SUM(F56:I56)=0,"",(SUM(F56:I56))) -> 0.6 | L56: Crown | M56: Barat | N56: =IFERROR(INDEX('Data Lokasi'!S:S,MATCH('Input Real Tanam&Petik Nanas'!C56,'Data Lokasi'!C:C,0)),"") -> 45564 | P56: =IFERROR(INDEX('Data Lokasi'!V:V,MATCH(C56,'Data Lokasi'!C:C,0)),"") -> 0 | Q56: =IF(ISERROR(P56/D56),"",(P56/D56)) -> 0
B57: 46187 | C57: 066D | D57: =IFERROR(VLOOKUP(C57,'Data Lokasi'!C:D,2,0),"") -> 9.24 | E57: Petik Bibit | I57: 0.99 | J57: =IF(SUM(F57:I57)=0,"",(SUM(F57:I57))) -> 0.99 | L57: Crown | M57: Barat | N57: =IFERROR(INDEX('Data Lokasi'!S:S,MATCH('Input Real Tanam&Petik Nanas'!C57,'Data Lokasi'!C:C,0)),"") -> 45559 | P57: =IFERROR(INDEX('Data Lokasi'!V:V,MATCH(C57,'Data Lokasi'!C:C,0)),"") -> 0 | Q57: =IF(ISERROR(P57/D57),"",(P57/D57)) -> 0
B58: 46187 | C58: 033B2 | D58: =IFERROR(VLOOKUP(C58,'Data Lokasi'!C:D,2,0),"") -> 9.15 | E58: Petik Bibit | I58: 0.62 | J58: =IF(SUM(F58:I58)=0,"",(SUM(F58:I58))) -> 0.62 | L58: Crown | M58: Timur | N58: =IFERROR(INDEX('Data Lokasi'!S:S,MATCH('Input Real Tanam&Petik Nanas'!C58,'Data Lokasi'!C:C,0)),"") -> 44568 | P58: =IFERROR(INDEX('Data Lokasi'!V:V,MATCH(C58,'Data Lokasi'!C:C,0)),"") -> 0 | Q58: =IF(ISERROR(P58/D58),"",(P58/D58)) -> 0
B59: 46187 | C59: 033B1 | D59: =IFERROR(VLOOKUP(C59,'Data Lokasi'!C:D,2,0),"") -> 9.93 | E59: Petik Bibit | I59: 0.84 | J59: =IF(SUM(F59:I59)=0,"",(SUM(F59:I59))) -> 0.84 | L59: Crown | M59: Timur | N59: =IFERROR(INDEX('Data Lokasi'!S:S,MATCH('Input Real Tanam&Petik Nanas'!C59,'Data Lokasi'!C:C,0)),"") -> 44574 | P59: =IFERROR(INDEX('Data Lokasi'!V:V,MATCH(C59,'Data Lokasi'!C:C,0)),"") -> 0 | Q59: =IF(ISERROR(P59/D59),"",(P59/D59)) -> 0
B60: 46187 | C60: 075H | D60: =IFERROR(VLOOKUP(C60,'Data Lokasi'!C:D,2,0),"") -> 7.68 | E60: Petik Bibit | H60: 0.05 | I60: =0.13+0.21 -> 0.34 | J60: =IF(SUM(F60:I60)=0,"",(SUM(F60:I60))) -> 0.39 | L60: Sucker | M60: Barat | N60: =IFERROR(INDEX('Data Lokasi'!S:S,MATCH('Input Real Tanam&Petik Nanas'!C60,'Data Lokasi'!C:C,0)),"") -> 44252 | P60: =IFERROR(INDEX('Data Lokasi'!V:V,MATCH(C60,'Data Lokasi'!C:C,0)),"") -> 0 | Q60: =IF(ISERROR(P60/D60),"",(P60/D60)) -> 0
B61: 46187 | C61: 085H1 | D61: =IFERROR(VLOOKUP(C61,'Data Lokasi'!C:D,2,0),"") -> 8.18 | E61: Petik Bibit | G61: 0.03 | H61: =0.12+0.2 -> 0.32 | J61: =IF(SUM(F61:I61)=0,"",(SUM(F61:I61))) -> 0.35 | L61: Sucker | M61: Barat | N61: =IFERROR(INDEX('Data Lokasi'!S:S,MATCH('Input Real Tanam&Petik Nanas'!C61,'Data Lokasi'!C:C,0)),"") -> 44335 | P61: =IFERROR(INDEX('Data Lokasi'!V:V,MATCH(C61,'Data Lokasi'!C:C,0)),"") -> 0 | Q61: =IF(ISERROR(P61/D61),"",(P61/D61)) -> 0
B62: 46187 | C62: 069B2 | D62: =IFERROR(VLOOKUP(C62,'Data Lokasi'!C:D,2,0),"") -> 9.93 | E62: Petik Bibit | I62: 0.44 | J62: =IF(SUM(F62:I62)=0,"",(SUM(F62:I62))) -> 0.44 | L62: Crown | M62: Barat | N62: =IFERROR(INDEX('Data Lokasi'!S:S,MATCH('Input Real Tanam&Petik Nanas'!C62,'Data Lokasi'!C:C,0)),"") -> 0 | P62: =IFERROR(INDEX('Data Lokasi'!V:V,MATCH(C62,'Data Lokasi'!C:C,0)),"") -> 0 | Q62: =IF(ISERROR(P62/D62),"",(P62/D62)) -> 0
B63: 46186 | C63: 033B2 | D63: =IFERROR(VLOOKUP(C63,'Data Lokasi'!C:D,2,0),"") -> 9.15 | E63: Petik Bibit | I63: 2 | J63: =IF(SUM(F63:I63)=0,"",(SUM(F63:I63))) -> 2 | L63: Crown | M63: Timur | N63: =IFERROR(INDEX('Data Lokasi'!S:S,MATCH('Input Real Tanam&Petik Nanas'!C63,'Data Lokasi'!C:C,0)),"") -> 44568 | P63: =IFERROR(INDEX('Data Lokasi'!V:V,MATCH(C63,'Data Lokasi'!C:C,0)),"") -> 0 | Q63: =IF(ISERROR(P63/D63),"",(P63/D63)) -> 0
B64: 46186 | C64: 049C2 | D64: =IFERROR(VLOOKUP(C64,'Data Lokasi'!C:D,2,0),"") -> 10.05 | E64: Petik Bibit | I64: 1.36 | J64: =IF(SUM(F64:I64)=0,"",(SUM(F64:I64))) -> 1.36 | L64: Crown | M64: Timur | N64: =IFERROR(INDEX('Data Lokasi'!S:S,MATCH('Input Real Tanam&Petik Nanas'!C64,'Data Lokasi'!C:C,0)),"") -> 44604 | P64: =IFERROR(INDEX('Data Lokasi'!V:V,MATCH(C64,'Data Lokasi'!C:C,0)),"") -> 0 | Q64: =IF(ISERROR(P64/D64),"",(P64/D64)) -> 0
B65: 46186 | C65: 066F | D65: =IFERROR(VLOOKUP(C65,'Data Lokasi'!C:D,2,0),"") -> 9.82 | E65: Petik Bibit | I65: 0.5 | J65: =IF(SUM(F65:I65)=0,"",(SUM(F65:I65))) -> 0.5 | L65: Crown | M65: Barat | N65: =IFERROR(INDEX('Data Lokasi'!S:S,MATCH('Input Real Tanam&Petik Nanas'!C65,'Data Lokasi'!C:C,0)),"") -> 45564 | P65: =IFERROR(INDEX('Data Lokasi'!V:V,MATCH(C65,'Data Lokasi'!C:C,0)),"") -> 0 | Q65: =IF(ISERROR(P65/D65),"",(P65/D65)) -> 0
B66: 46186 | C66: 066D | D66: =IFERROR(VLOOKUP(C66,'Data Lokasi'!C:D,2,0),"") -> 9.24 | E66: Petik Bibit | I66: 1.32 | J66: =IF(SUM(F66:I66)=0,"",(SUM(F66:I66))) -> 1.32 | L66: Crown | M66: Barat | N66: =IFERROR(INDEX('Data Lokasi'!S:S,MATCH('Input Real Tanam&Petik Nanas'!C66,'Data Lokasi'!C:C,0)),"") -> 45559 | P66: =IFERROR(INDEX('Data Lokasi'!V:V,MATCH(C66,'Data Lokasi'!C:C,0)),"") -> 0 | Q66: =IF(ISERROR(P66/D66),"",(P66/D66)) -> 0
B67: 46186 | C67: 075H | D67: =IFERROR(VLOOKUP(C67,'Data Lokasi'!C:D,2,0),"") -> 7.68 | E67: Petik Bibit | H67: 0.05 | I67: =0.11+0.27 -> 0.38 | J67: =IF(SUM(F67:I67)=0,"",(SUM(F67:I67))) -> 0.43 | L67: Sucker | M67: Barat | N67: =IFERROR(INDEX('Data Lokasi'!S:S,MATCH('Input Real Tanam&Petik Nanas'!C67,'Data Lokasi'!C:C,0)),"") -> 44252 | P67: =IFERROR(INDEX('Data Lokasi'!V:V,MATCH(C67,'Data Lokasi'!C:C,0)),"") -> 0 | Q67: =IF(ISERROR(P67/D67),"",(P67/D67)) -> 0
B68: 46186 | C68: 069B2 | D68: =IFERROR(VLOOKUP(C68,'Data Lokasi'!C:D,2,0),"") -> 9.93 | E68: Petik Bibit | I68: 1.93 | J68: =IF(SUM(F68:I68)=0,"",(SUM(F68:I68))) -> 1.93 | L68: Crown | M68: Barat | N68: =IFERROR(INDEX('Data Lokasi'!S:S,MATCH('Input Real Tanam&Petik Nanas'!C68,'Data Lokasi'!C:C,0)),"") -> 0 | P68: =IFERROR(INDEX('Data Lokasi'!V:V,MATCH(C68,'Data Lokasi'!C:C,0)),"") -> 0 | Q68: =IF(ISERROR(P68/D68),"",(P68/D68)) -> 0
B69: 46185 | C69: 028Q | D69: =IFERROR(VLOOKUP(C69,'Data Lokasi'!C:D,2,0),"") -> 7.82 | E69: Petik Bibit | I69: 2.59 | J69: =IF(SUM(F69:I69)=0,"",(SUM(F69:I69))) -> 2.59 | L69: Crown | M69: Timur | N69: =IFERROR(INDEX('Data Lokasi'!S:S,MATCH('Input Real Tanam&Petik Nanas'!C69,'Data Lokasi'!C:C,0)),"") -> 44568 | P69: =IFERROR(INDEX('Data Lokasi'!V:V,MATCH(C69,'Data Lokasi'!C:C,0)),"") -> 0 | Q69: =IF(ISERROR(P69/D69),"",(P69/D69)) -> 0
B70: 46185 | C70: 049C2 | D70: =IFERROR(VLOOKUP(C70,'Data Lokasi'!C:D,2,0),"") -> 10.05 | E70: Petik Bibit | I70: 0.57 | J70: =IF(SUM(F70:I70)=0,"",(SUM(F70:I70))) -> 0.57 | L70: Crown | M70: Timur | N70: =IFERROR(INDEX('Data Lokasi'!S:S,MATCH('Input Real Tanam&Petik Nanas'!C70,'Data Lokasi'!C:C,0)),"") -> 44604 | P70: =IFERROR(INDEX('Data Lokasi'!V:V,MATCH(C70,'Data Lokasi'!C:C,0)),"") -> 0 | Q70: =IF(ISERROR(P70/D70),"",(P70/D70)) -> 0
B71: 46185 | C71: 033B2 | D71: =IFERROR(VLOOKUP(C71,'Data Lokasi'!C:D,2,0),"") -> 9.15 | E71: Petik Bibit | I71: 2.53 | J71: =IF(SUM(F71:I71)=0,"",(SUM(F71:I71))) -> 2.53 | L71: Crown | M71: Timur | N71: =IFERROR(INDEX('Data Lokasi'!S:S,MATCH('Input Real Tanam&Petik Nanas'!C71,'Data Lokasi'!C:C,0)),"") -> 44568 | P71: =IFERROR(INDEX('Data Lokasi'!V:V,MATCH(C71,'Data Lokasi'!C:C,0)),"") -> 0 | Q71: =IF(ISERROR(P71/D71),"",(P71/D71)) -> 0
B72: 46185 | C72: 076A5 | D72: =IFERROR(VLOOKUP(C72,'Data Lokasi'!C:D,2,0),"") -> 5.11 | E72: Petik Bibit | I72: 1.04 | J72: =IF(SUM(F72:I72)=0,"",(SUM(F72:I72))) -> 1.04 | L72: Crown | M72: Barat | N72: =IFERROR(INDEX('Data Lokasi'!S:S,MATCH('Input Real Tanam&Petik Nanas'!C72,'Data Lokasi'!C:C,0)),"") -> 44503 | P72: =IFERROR(INDEX('Data Lokasi'!V:V,MATCH(C72,'Data Lokasi'!C:C,0)),"") -> 0 | Q72: =IF(ISERROR(P72/D72),"",(P72/D72)) -> 0
B73: 46185 | C73: 076E1 | D73: =IFERROR(VLOOKUP(C73,'Data Lokasi'!C:D,2,0),"") -> 9.98 | E73: Petik Bibit | I73: 0.88 | J73: =IF(SUM(F73:I73)=0,"",(SUM(F73:I73))) -> 0.88 | L73: Crown | M73: Barat | N73: =IFERROR(INDEX('Data Lokasi'!S:S,MATCH('Input Real Tanam&Petik Nanas'!C73,'Data Lokasi'!C:C,0)),"") -> 44557 | P73: =IFERROR(INDEX('Data Lokasi'!V:V,MATCH(C73,'Data Lokasi'!C:C,0)),"") -> 0 | Q73: =IF(ISERROR(P73/D73),"",(P73/D73)) -> 0
B74: 46185 | C74: 076E2 | D74: =IFERROR(VLOOKUP(C74,'Data Lokasi'!C:D,2,0),"") -> 3.92 | E74: Petik Bibit | I74: 2.11 | J74: =IF(SUM(F74:I74)=0,"",(SUM(F74:I74))) -> 2.11 | L74: Crown | M74: Barat | N74: =IFERROR(INDEX('Data Lokasi'!S:S,MATCH('Input Real Tanam&Petik Nanas'!C74,'Data Lokasi'!C:C,0)),"") -> 44507 | P74: =IFERROR(INDEX('Data Lokasi'!V:V,MATCH(C74,'Data Lokasi'!C:C,0)),"") -> 0 | Q74: =IF(ISERROR(P74/D74),"",(P74/D74)) -> 0
B75: 46184 | C75: 052B | D75: =IFERROR(VLOOKUP(C75,'Data Lokasi'!C:D,2,0),"") -> 9.17 | E75: Petik Bibit | G75: 0.07 | J75: =IF(SUM(F75:I75)=0,"",(SUM(F75:I75))) -> 0.07 | L75: Sucker | M75: Timur | N75: =IFERROR(INDEX('Data Lokasi'!S:S,MATCH('Input Real Tanam&Petik Nanas'!C75,'Data Lokasi'!C:C,0)),"") -> 44250 | P75: =IFERROR(INDEX('Data Lokasi'!V:V,MATCH(C75,'Data Lokasi'!C:C,0)),"") -> 0 | Q75: =IF(ISERROR(P75/D75),"",(P75/D75)) -> 0
B76: 46184 | C76: 048A | D76: =IFERROR(VLOOKUP(C76,'Data Lokasi'!C:D,2,0),"") -> 6.6 | E76: Petik Bibit | G76: 0.01 | H76: 0.08 | J76: =IF(SUM(F76:I76)=0,"",(SUM(F76:I76))) -> 0.09 | L76: Sucker | M76: Timur | N76: =IFERROR(INDEX('Data Lokasi'!S:S,MATCH('Input Real Tanam&Petik Nanas'!C76,'Data Lokasi'!C:C,0)),"") -> 44639 | P76: =IFERROR(INDEX('Data Lokasi'!V:V,MATCH(C76,'Data Lokasi'!C:C,0)),"") -> 0 | Q76: =IF(ISERROR(P76/D76),"",(P76/D76)) -> 0
B77: 46184 | C77: 028Q | D77: =IFERROR(VLOOKUP(C77,'Data Lokasi'!C:D,2,0),"") -> 7.82 | E77: Petik Bibit | I77: 0.36 | J77: =IF(SUM(F77:I77)=0,"",(SUM(F77:I77))) -> 0.36 | L77: Crown | M77: Timur | N77: =IFERROR(INDEX('Data Lokasi'!S:S,MATCH('Input Real Tanam&Petik Nanas'!C77,'Data Lokasi'!C:C,0)),"") -> 44568 | P77: =IFERROR(INDEX('Data Lokasi'!V:V,MATCH(C77,'Data Lokasi'!C:C,0)),"") -> 0 | Q77: =IF(ISERROR(P77/D77),"",(P77/D77)) -> 0
B78: 46184 | C78: 049C2 | D78: =IFERROR(VLOOKUP(C78,'Data Lokasi'!C:D,2,0),"") -> 10.05 | E78: Petik Bibit | I78: 1.52 | J78: =IF(SUM(F78:I78)=0,"",(SUM(F78:I78))) -> 1.52 | L78: Crown | M78: Timur | N78: =IFERROR(INDEX('Data Lokasi'!S:S,MATCH('Input Real Tanam&Petik Nanas'!C78,'Data Lokasi'!C:C,0)),"") -> 44604 | P78: =IFERROR(INDEX('Data Lokasi'!V:V,MATCH(C78,'Data Lokasi'!C:C,0)),"") -> 0 | Q78: =IF(ISERROR(P78/D78),"",(P78/D78)) -> 0
B79: 46184 | C79: 100A | D79: =IFERROR(VLOOKUP(C79,'Data Lokasi'!C:D,2,0),"") -> 8.92 | E79: Petik Bibit | G79: 0.04 | H79: =0.08+0.12 -> 0.2 | I79: =0.08+0.07 -> 0.15 | J79: =IF(SUM(F79:I79)=0,"",(SUM(F79:I79))) -> 0.39 | L79: Sucker | M79: Barat | N79: =IFERROR(INDEX('Data Lokasi'!S:S,MATCH('Input Real Tanam&Petik Nanas'!C79,'Data Lokasi'!C:C,0)),"") -> 44161 | P79: =IFERROR(INDEX('Data Lokasi'!V:V,MATCH(C79,'Data Lokasi'!C:C,0)),"") -> 0 | Q79: =IF(ISERROR(P79/D79),"",(P79/D79)) -> 0
B80: 46184 | C80: 076A5 | D80: =IFERROR(VLOOKUP(C80,'Data Lokasi'!C:D,2,0),"") -> 5.11 | E80: Petik Bibit | I80: 1.72 | J80: =IF(SUM(F80:I80)=0,"",(SUM(F80:I80))) -> 1.72 | L80: Crown | M80: Barat | N80: =IFERROR(INDEX('Data Lokasi'!S:S,MATCH('Input Real Tanam&Petik Nanas'!C80,'Data Lokasi'!C:C,0)),"") -> 44503 | P80: =IFERROR(INDEX('Data Lokasi'!V:V,MATCH(C80,'Data Lokasi'!C:C,0)),"") -> 0 | Q80: =IF(ISERROR(P80/D80),"",(P80/D80)) -> 0
B81: 46184 | C81: 018F1 | D81: =IFERROR(VLOOKUP(C81,'Data Lokasi'!C:D,2,0),"") -> 5.43 | E81: Petik Bibit | I81: 1.64 | J81: =IF(SUM(F81:I81)=0,"",(SUM(F81:I81))) -> 1.64 | L81: Crown | M81: Timur | N81: =IFERROR(INDEX('Data Lokasi'!S:S,MATCH('Input Real Tanam&Petik Nanas'!C81,'Data Lokasi'!C:C,0)),"") -> 45650 | P81: =IFERROR(INDEX('Data Lokasi'!V:V,MATCH(C81,'Data Lokasi'!C:C,0)),"") -> 0 | Q81: =IF(ISERROR(P81/D81),"",(P81/D81)) -> 0
B82: 46189 | C82: 097H | D82: =IFERROR(VLOOKUP(C82,'Data Lokasi'!C:D,2,0),"") -> 7.7 | E82: Tanam Bibit | I82: 0.34 | J82: =IF(SUM(F82:I82)=0,"",(SUM(F82:I82))) -> 0.34 | L82: Crown | M82: Barat | N82: =IFERROR(INDEX('Data Lokasi'!S:S,MATCH('Input Real Tanam&Petik Nanas'!C82,'Data Lokasi'!C:C,0)),"") -> 44079 | P82: =IFERROR(INDEX('Data Lokasi'!V:V,MATCH(C82,'Data Lokasi'!C:C,0)),"") -> 0 | Q82: =IF(ISERROR(P82/D82),"",(P82/D82)) -> 0
B83: 46189 | C83: 085E | D83: =IFERROR(VLOOKUP(C83,'Data Lokasi'!C:D,2,0),"") -> 8.33 | E83: Tanam Bibit | I83: 1.39 | J83: =IF(SUM(F83:I83)=0,"",(SUM(F83:I83))) -> 1.39 | L83: Crown | M83: Barat | N83: =IFERROR(INDEX('Data Lokasi'!S:S,MATCH('Input Real Tanam&Petik Nanas'!C83,'Data Lokasi'!C:C,0)),"") -> 44125 | P83: =IFERROR(INDEX('Data Lokasi'!V:V,MATCH(C83,'Data Lokasi'!C:C,0)),"") -> 0 | Q83: =IF(ISERROR(P83/D83),"",(P83/D83)) -> 0
B84: 46189 | C84: 082G | D84: =IFERROR(VLOOKUP(C84,'Data Lokasi'!C:D,2,0),"") -> 5.88 | E84: Tanam Bibit | G84: 0.03 | H84: 0.17 | J84: =IF(SUM(F84:I84)=0,"",(SUM(F84:I84))) -> 0.2 | L84: Sucker | M84: Barat | N84: =IFERROR(INDEX('Data Lokasi'!S:S,MATCH('Input Real Tanam&Petik Nanas'!C84,'Data Lokasi'!C:C,0)),"") -> 44300 | P84: =IFERROR(INDEX('Data Lokasi'!V:V,MATCH(C84,'Data Lokasi'!C:C,0)),"") -> 0 | Q84: =IF(ISERROR(P84/D84),"",(P84/D84)) -> 0
B85: 46189 | C85: 098C | D85: =IFERROR(VLOOKUP(C85,'Data Lokasi'!C:D,2,0),"") -> 6.97 | E85: Tanam Bibit | I85: 1.15 | J85: =IF(SUM(F85:I85)=0,"",(SUM(F85:I85))) -> 1.15 | L85: Crown | M85: Barat | N85: =IFERROR(INDEX('Data Lokasi'!S:S,MATCH('Input Real Tanam&Petik Nanas'!C85,'Data Lokasi'!C:C,0)),"") -> 44020 | P85: =IFERROR(INDEX('Data Lokasi'!V:V,MATCH(C85,'Data Lokasi'!C:C,0)),"") -> 0 | Q85: =IF(ISERROR(P85/D85),"",(P85/D85)) -> 0
B86: 46189 | C86: 084H | D86: =IFERROR(VLOOKUP(C86,'Data Lokasi'!C:D,2,0),"") -> 6.35 | E86: Tanam Bibit | I86: 0.03 | J86: =IF(SUM(F86:I86)=0,"",(SUM(F86:I86))) -> 0.03 | L86: Sucker | M86: Barat | N86: =IFERROR(INDEX('Data Lokasi'!S:S,MATCH('Input Real Tanam&Petik Nanas'!C86,'Data Lokasi'!C:C,0)),"") -> 44931 | P86: =IFERROR(INDEX('Data Lokasi'!V:V,MATCH(C86,'Data Lokasi'!C:C,0)),"") -> 0 | Q86: =IF(ISERROR(P86/D86),"",(P86/D86)) -> 0
B87: 46189 | C87: 054B1 | D87: =IFERROR(VLOOKUP(C87,'Data Lokasi'!C:D,2,0),"") -> 7.2 | E87: Tanam Bibit | I87: 0.15 | J87: =IF(SUM(F87:I87)=0,"",(SUM(F87:I87))) -> 0.15 | L87: Crown | M87: Timur | N87: =IFERROR(INDEX('Data Lokasi'!S:S,MATCH('Input Real Tanam&Petik Nanas'!C87,'Data Lokasi'!C:C,0)),"") -> 45132 | P87: =IFERROR(INDEX('Data Lokasi'!V:V,MATCH(C87,'Data Lokasi'!C:C,0)),"") -> 0 | Q87: =IF(ISERROR(P87/D87),"",(P87/D87)) -> 0
B88: 46189 | C88: 065B5 | D88: =IFERROR(VLOOKUP(C88,'Data Lokasi'!C:D,2,0),"") -> 7.19 | E88: Tanam Bibit | H88: 0.15 | J88: =IF(SUM(F88:I88)=0,"",(SUM(F88:I88))) -> 0.15 | L88: Sucker | M88: Timur | N88: =IFERROR(INDEX('Data Lokasi'!S:S,MATCH('Input Real Tanam&Petik Nanas'!C88,'Data Lokasi'!C:C,0)),"") -> 46177 | P88: =IFERROR(INDEX('Data Lokasi'!V:V,MATCH(C88,'Data Lokasi'!C:C,0)),"") -> 0 | Q88: =IF(ISERROR(P88/D88),"",(P88/D88)) -> 0
B89: 46189 | C89: 007F5 | D89: =IFERROR(VLOOKUP(C89,'Data Lokasi'!C:D,2,0),"") -> 5.06 | E89: Tanam Bibit | I89: 0.06 | J89: =IF(SUM(F89:I89)=0,"",(SUM(F89:I89))) -> 0.06 | L89: Crown | M89: Timur | N89: =IFERROR(INDEX('Data Lokasi'!S:S,MATCH('Input Real Tanam&Petik Nanas'!C89,'Data Lokasi'!C:C,0)),"") -> 45002 | P89: =IFERROR(INDEX('Data Lokasi'!V:V,MATCH(C89,'Data Lokasi'!C:C,0)),"") -> 0 | Q89: =IF(ISERROR(P89/D89),"",(P89/D89)) -> 0
B90: 46189 | C90: 004E | D90: =IFERROR(VLOOKUP(C90,'Data Lokasi'!C:D,2,0),"") -> 7.7 | E90: Tanam Bibit | H90: 0.14 | J90: =IF(SUM(F90:I90)=0,"",(SUM(F90:I90))) -> 0.14 | L90: Sucker | M90: Timur | N90: =IFERROR(INDEX('Data Lokasi'!S:S,MATCH('Input Real Tanam&Petik Nanas'!C90,'Data Lokasi'!C:C,0)),"") -> 45083 | P90: =IFERROR(INDEX('Data Lokasi'!V:V,MATCH(C90,'Data Lokasi'!C:C,0)),"") -> 0 | Q90: =IF(ISERROR(P90/D90),"",(P90/D90)) -> 0
B91: 46189 | C91: 050B2B | D91: =IFERROR(VLOOKUP(C91,'Data Lokasi'!C:D,2,0),"") -> 6.22 | E91: Tanam Bibit | I91: 0.22 | J91: =IF(SUM(F91:I91)=0,"",(SUM(F91:I91))) -> 0.22 | L91: Crown | M91: Timur | N91: =IFERROR(INDEX('Data Lokasi'!S:S,MATCH('Input Real Tanam&Petik Nanas'!C91,'Data Lokasi'!C:C,0)),"") -> 45092 | P91: =IFERROR(INDEX('Data Lokasi'!V:V,MATCH(C91,'Data Lokasi'!C:C,0)),"") -> 0 | Q91: =IF(ISERROR(P91/D91),"",(P91/D91)) -> 0
B92: 46189 | C92: 085E | D92: =IFERROR(VLOOKUP(C92,'Data Lokasi'!C:D,2,0),"") -> 8.33 | E92: Tanam Bibit | I92: =1+1.28 -> 2.28 | J92: =IF(SUM(F92:I92)=0,"",(SUM(F92:I92))) -> 2.28 | L92: Crown | M92: Timur | N92: =IFERROR(INDEX('Data Lokasi'!S:S,MATCH('Input Real Tanam&Petik Nanas'!C92,'Data Lokasi'!C:C,0)),"") -> 44125 | P92: =IFERROR(INDEX('Data Lokasi'!V:V,MATCH(C92,'Data Lokasi'!C:C,0)),"") -> 0 | Q92: =IF(ISERROR(P92/D92),"",(P92/D92)) -> 0
B93: 46189 | C93: 016B | D93: =IFERROR(VLOOKUP(C93,'Data Lokasi'!C:D,2,0),"") -> 11.2 | E93: Petik Bibit | G93: =0.18+0.28+0.3 -> 0.76 | H93: =0.2+0.08 -> 0.28 | J93: =IF(SUM(F93:I93)=0,"",(SUM(F93:I93))) -> 1.04 | L93: Sucker | M93: Timur | N93: =IFERROR(INDEX('Data Lokasi'!S:S,MATCH('Input Real Tanam&Petik Nanas'!C93,'Data Lokasi'!C:C,0)),"") -> 44429 | P93: =IFERROR(INDEX('Data Lokasi'!V:V,MATCH(C93,'Data Lokasi'!C:C,0)),"") -> 0 | Q93: =IF(ISERROR(P93/D93),"",(P93/D93)) -> 0 | R93: 2
B94: 46190 | C94: 073B | D94: =IFERROR(VLOOKUP(C94,'Data Lokasi'!C:D,2,0),"") -> 8.83 | E94: Petik Bibit | G94: 0.04 | H94: =0.09+0.15 -> 0.24 | J94: =IF(SUM(F94:I94)=0,"",(SUM(F94:I94))) -> 0.28 | L94: Sucker | M94: Barat | N94: =IFERROR(INDEX('Data Lokasi'!S:S,MATCH('Input Real Tanam&Petik Nanas'!C94,'Data Lokasi'!C:C,0)),"") -> 44365 | P94: =IFERROR(INDEX('Data Lokasi'!V:V,MATCH(C94,'Data Lokasi'!C:C,0)),"") -> 0 | Q94: =IF(ISERROR(P94/D94),"",(P94/D94)) -> 0 | R94: 4
B95: 46190 | C95: 085H1 | D95: =IFERROR(VLOOKUP(C95,'Data Lokasi'!C:D,2,0),"") -> 8.18 | E95: Petik Bibit | G95: 0.07 | H95: =0.18+0.34 -> 0.52 | J95: =IF(SUM(F95:I95)=0,"",(SUM(F95:I95))) -> 0.59 | L95: Sucker | M95: Barat | N95: =IFERROR(INDEX('Data Lokasi'!S:S,MATCH('Input Real Tanam&Petik Nanas'!C95,'Data Lokasi'!C:C,0)),"") -> 44335 | P95: =IFERROR(INDEX('Data Lokasi'!V:V,MATCH(C95,'Data Lokasi'!C:C,0)),"") -> 0 | Q95: =IF(ISERROR(P95/D95),"",(P95/D95)) -> 0 | R95: 4
B96: 46190 | C96: 065C2 | D96: =IFERROR(VLOOKUP(C96,'Data Lokasi'!C:D,2,0),"") -> 6.34 | E96: Petik Bibit | I96: 2.85 | J96: =IF(SUM(F96:I96)=0,"",(SUM(F96:I96))) -> 2.85 | L96: Crown | M96: Timur | N96: =IFERROR(INDEX('Data Lokasi'!S:S,MATCH('Input Real Tanam&Petik Nanas'!C96,'Data Lokasi'!C:C,0)),"") -> 45672 | P96: =IFERROR(INDEX('Data Lokasi'!V:V,MATCH(C96,'Data Lokasi'!C:C,0)),"") -> 0 | Q96: =IF(ISERROR(P96/D96),"",(P96/D96)) -> 0
B97: 46190 | C97: 016B | D97: =IFERROR(VLOOKUP(C97,'Data Lokasi'!C:D,2,0),"") -> 11.2 | E97: Petik Bibit | G97: 0.13 | H97: 0.06 | J97: =IF(SUM(F97:I97)=0,"",(SUM(F97:I97))) -> 0.19 | L97: Sucker | M97: Timur | N97: =IFERROR(INDEX('Data Lokasi'!S:S,MATCH('Input Real Tanam&Petik Nanas'!C97,'Data Lokasi'!C:C,0)),"") -> 44429 | P97: =IFERROR(INDEX('Data Lokasi'!V:V,MATCH(C97,'Data Lokasi'!C:C,0)),"") -> 0 | Q97: =IF(ISERROR(P97/D97),"",(P97/D97)) -> 0 | R97: 2
B98: 46190 | C98: 033B1 | D98: =IFERROR(VLOOKUP(C98,'Data Lokasi'!C:D,2,0),"") -> 9.93 | E98: Petik Bibit | I98: 1.41 | J98: =IF(SUM(F98:I98)=0,"",(SUM(F98:I98))) -> 1.41 | L98: Crown | M98: Timur | N98: =IFERROR(INDEX('Data Lokasi'!S:S,MATCH('Input Real Tanam&Petik Nanas'!C98,'Data Lokasi'!C:C,0)),"") -> 44574 | P98: =IFERROR(INDEX('Data Lokasi'!V:V,MATCH(C98,'Data Lokasi'!C:C,0)),"") -> 0 | Q98: =IF(ISERROR(P98/D98),"",(P98/D98)) -> 0
B99: 46190 | C99: 044A3 | D99: =IFERROR(VLOOKUP(C99,'Data Lokasi'!C:D,2,0),"") -> 6.77 | E99: Tanam Bibit | I99: 0.06 | J99: =IF(SUM(F99:I99)=0,"",(SUM(F99:I99))) -> 0.06 | L99: Crown | M99: Timur | N99: =IFERROR(INDEX('Data Lokasi'!S:S,MATCH('Input Real Tanam&Petik Nanas'!C99,'Data Lokasi'!C:C,0)),"") -> 44934 | P99: =IFERROR(INDEX('Data Lokasi'!V:V,MATCH(C99,'Data Lokasi'!C:C,0)),"") -> 0 | Q99: =IF(ISERROR(P99/D99),"",(P99/D99)) -> 0
B100: 46190 | C100: 054B1 | D100: =IFERROR(VLOOKUP(C100,'Data Lokasi'!C:D,2,0),"") -> 7.2 | E100: Tanam Bibit | I100: 0.23 | J100: =IF(SUM(F100:I100)=0,"",(SUM(F100:I100))) -> 0.23 | L100: Crown | M100: Timur | N100: =IFERROR(INDEX('Data Lokasi'!S:S,MATCH('Input Real Tanam&Petik Nanas'!C100,'Data Lokasi'!C:C,0)),"") -> 45132 | P100: =IFERROR(INDEX('Data Lokasi'!V:V,MATCH(C100,'Data Lokasi'!C:C,0)),"") -> 0 | Q100: =IF(ISERROR(P100/D100),"",(P100/D100)) -> 0
B101: 46190 | C101: 067B | D101: =IFERROR(VLOOKUP(C101,'Data Lokasi'!C:D,2,0),"") -> 8.39 | E101: Tanam Bibit | I101: 0.09 | J101: =IF(SUM(F101:I101)=0,"",(SUM(F101:I101))) -> 0.09 | L101: Sucker | M101: Timur | N101: =IFERROR(INDEX('Data Lokasi'!S:S,MATCH('Input Real Tanam&Petik Nanas'!C101,'Data Lokasi'!C:C,0)),"") -> 43988 | P101: =IFERROR(INDEX('Data Lokasi'!V:V,MATCH(C101,'Data Lokasi'!C:C,0)),"") -> 0 | Q101: =IF(ISERROR(P101/D101),"",(P101/D101)) -> 0
B102: 46190 | C102: 007F4 | D102: =IFERROR(VLOOKUP(C102,'Data Lokasi'!C:D,2,0),"") -> 7.35 | E102: Tanam Bibit | I102: 0.08 | J102: =IF(SUM(F102:I102)=0,"",(SUM(F102:I102))) -> 0.08 | L102: Crown | M102: Timur | N102: =IFERROR(INDEX('Data Lokasi'!S:S,MATCH('Input Real Tanam&Petik Nanas'!C102,'Data Lokasi'!C:C,0)),"") -> 44995 | P102: =IFERROR(INDEX('Data Lokasi'!V:V,MATCH(C102,'Data Lokasi'!C:C,0)),"") -> 0 | Q102: =IF(ISERROR(P102/D102),"",(P102/D102)) -> 0
B103: 46190 | C103: 004E | D103: =IFERROR(VLOOKUP(C103,'Data Lokasi'!C:D,2,0),"") -> 7.7 | E103: Tanam Bibit | H103: 0.08 | J103: =IF(SUM(F103:I103)=0,"",(SUM(F103:I103))) -> 0.08 | L103: Sucker | M103: Timur | N103: =IFERROR(INDEX('Data Lokasi'!S:S,MATCH('Input Real Tanam&Petik Nanas'!C103,'Data Lokasi'!C:C,0)),"") -> 45083 | P103: =IFERROR(INDEX('Data Lokasi'!V:V,MATCH(C103,'Data Lokasi'!C:C,0)),"") -> 0 | Q103: =IF(ISERROR(P103/D103),"",(P103/D103)) -> 0
B104: 46190 | C104: 017A | D104: =IFERROR(VLOOKUP(C104,'Data Lokasi'!C:D,2,0),"") -> 7.28 | E104: Tanam Bibit | G104: 0.09 | J104: =IF(SUM(F104:I104)=0,"",(SUM(F104:I104))) -> 0.09 | L104: Sucker | M104: Timur | N104: =IFERROR(INDEX('Data Lokasi'!S:S,MATCH('Input Real Tanam&Petik Nanas'!C104,'Data Lokasi'!C:C,0)),"") -> 44273 | P104: =IFERROR(INDEX('Data Lokasi'!V:V,MATCH(C104,'Data Lokasi'!C:C,0)),"") -> 0 | Q104: =IF(ISERROR(P104/D104),"",(P104/D104)) -> 0
B105: 46190 | C105: 054A | D105: =IFERROR(VLOOKUP(C105,'Data Lokasi'!C:D,2,0),"") -> 4.7 | E105: Tanam Bibit | I105: 0.09 | J105: =IF(SUM(F105:I105)=0,"",(SUM(F105:I105))) -> 0.09 | L105: Crown | M105: Timur | N105: =IFERROR(INDEX('Data Lokasi'!S:S,MATCH('Input Real Tanam&Petik Nanas'!C105,'Data Lokasi'!C:C,0)),"") -> 45190 | P105: =IFERROR(INDEX('Data Lokasi'!V:V,MATCH(C105,'Data Lokasi'!C:C,0)),"") -> 0 | Q105: =IF(ISERROR(P105/D105),"",(P105/D105)) -> 0
...

Sheet Input Drop Bibit
A5: Tanggal | B5: Lokasi DO | C5: Jenis | D5: Lokasi Unja | E5: Hasil | F5: Wilayah | H5: Tanggal | I5: 46307
A6: 46289 | B6: 016B | C6: Sucker | D6: 002B2 | E6: 0.08 | F6: Timur | H6: Wilayah | I6: Timur
A7: 46294 | B7: 018F | C7: Crown | D7: 061E2 | E7: 0.37 | F7: Timur | H7: Jenis | I7: Akum
A8: 46294 | B8: 018F | C8: Crown | D8: 063A | E8: 0.16 | F8: Timur | H8: Sucker | I8: =SUMIFS($E:$E,$A:$A,$I$5,$C:$C,$H8,$F:$F,$I$6) -> 0.08
A9: 46294 | B9: 052A | C9: Crown | D9: 061E2 | E9: 0.16 | F9: Timur | H9: Crown | I9: =SUMIFS($E:$E,$A:$A,$I$5,$C:$C,$H9,$F:$F,$I$6) -> 2.67
A10: 46294 | B10: 052A | C10: Crown | D10: 063A | E10: 0.16 | F10: Timur | H10: Total | I10: =SUM(I8:I9) -> 2.75
A11: 46294 | B11: 052A | C11: Crown | D11: 054B1 | E11: 0.06 | F11: Timur | H11: Wilayah | I11: Barat
A12: 46294 | B12: 062F1,062M | C12: Crown | D12: 001B2 | E12: 0.1 | F12: Timur | H12: Jenis | I12: Akum
A13: 46294 | B13: 062F1,062M | C13: Crown | D13: 007F5 | E13: 0.13 | F13: Timur | H13: Sucker | I13: =SUMIFS($E:$E,$A:$A,$I$5,$C:$C,$H13,$F:$F,$I$11) -> 0.31
A14: 46294 | B14: 062F1,062M | C14: Crown | D14: 063A | E14: 0.85 | F14: Timur | H14: Crown | I14: =SUMIFS($E:$E,$A:$A,$I$5,$C:$C,$H14,$F:$F,$I$11) -> 0.08
A15: 46294 | B15: 062F1,062M | C15: Crown | D15: 063G3 | E15: 0.06 | F15: Timur | H15: Total | I15: =SUM(I13:I14) -> 0.39
A16: 46294 | B16: 062F1,062M | C16: Crown | D16: 067B | E16: 0.15 | F16: Timur
A17: 46294 | B17: 062F1,062M | C17: Sucker | D17: 044A2 | E17: 0.03 | F17: Timur
A18: 46294 | B18: 062F1,062M | C18: Sucker | D18: 048K | E18: 0.03 | F18: Timur
A19: 46294 | B19: 075C | C19: Sucker | D19: 002B2 | E19: 0.24 | F19: Timur
A20: 46294 | B20: 075C | C20: Sucker | D20: 050A1 | E20: 0.12 | F20: Timur
A21: 46294 | B21: 075C,074C | C21: Sucker | D21: 050A1 | E21: 0.2 | F21: Barat
A22: 46294 | B22: 075C,074C | C22: Sucker | D22: 082G | E22: 0.08 | F22: Barat
A23: 46294 | B23: 077C | C23: Sucker | D23: 050A1 | E23: 0.23 | F23: Barat
A24: 46294 | B24: 077C | C24: Sucker | D24: 089C | E24: 0.06 | F24: Barat
A25: 46294 | B25: 077C | C25: Sucker | D25: 087N2 | E25: 0.03 | F25: Barat
A26: 46294 | B26: 039C | C26: Sucker | D26: 078E2 | E26: 0.41 | F26: Barat
A27: 46294 | B27: 039C | C27: Sucker | D27: 079I | E27: 0.04 | F27: Barat
... A29: 46294 | B29: 091C | C29: Crown | D29: 072C | E29: 0.07 | F29: Barat
A30: 46295 | C30: Sucker | D30: 002B2 | E30: 0.06 | F30: Timur
A31: 46295 | C31: Sucker | D31: 024B | E31: 0.05 | F31: Timur
A32: 46295 | C32: Sucker | D32: 078E2 | E32: 0.47 | F32: Timur
A33: 46295 | C33: Sucker | D33: 002B2 | E33: 0.16 | F33: Timur
A34: 46295 | C34: Sucker | D34: 002B2 | E34: 0.07 | F34: Timur
A35: 46295 | C35: Sucker | D35: 002B2 | E35: 0.06 | F35: Timur
A36: 46295 | C36: Sucker | D36: 063A | E36: 0.4 | F36: Timur
A37: 46295 | B37: 046E | C37: Crown | D37: 064B | E37: 0.44 | F37: Timur
A38: 46295 | C38: Crown | D38: 061E2 | E38: 0.08 | F38: Timur
A39: 46295 | C39: Crown | D39: 063A | E39: 0.33 | F39: Timur
A40: 46295 | B40: 062F | C40: Crown | D40: 064B | E40: 1.55 | F40: Timur
A41: 46295 | C41: Crown | D41: 007F5 | E41: 0.15 | F41: Timur
A42: 46295 | C42: Crown | D42: 054B1 | E42: 0.07 | F42: Timur
A43: 46295 | C43: Crown | D43: 067B | E43: 0.15 | F43: Timur
A44: 46295 | C44: Sucker | D44: 044A2 | E44: 0.06 | F44: Timur
A45: 46295 | C45: Sucker | D45: 050A1 | E45: 0.06 | F45: Timur
A46: 46295 | C46: Sucker | D46: 046B1 | E46: 0.07 | F46: Timur
A47: 46295 | C47: Sucker | D47: 048K | E47: 0.07 | F47: Timur
A48: 46295 | C48: Sucker | D48: 080A1 | E48: 0.06 | F48: Barat
A49: 46295 | C49: Sucker | D49: 069A | E49: 0.06 | F49: Barat
A50: 46295 | C50: Sucker | D50: 096G5 | E50: 0.04 | F50: Barat
A51: 46295 | C51: Sucker | D51: 087N2 | E51: 0.04 | F51: Barat
A52: 46295 | C52: Sucker | D52: 078E2 | E52: 0.22 | F52: Barat
... A57: 46295 | C57: Sucker | D57: 089C | E57: 0.06 | F57: Barat
A58: 46296 | B58: 012E | C58: Crown | D58: 063A | E58: 0.06 | F58: Timur
A59: 46296 | B59: 016B | C59: Sucker | D59: 002B2 | E59: 0.06 | F59: Timur
A60: 46296 | B60: 016B | C60: Sucker | D60: 078E2 | E60: 0.13 | F60: Timur
A61: 46296 | B61: 032A | C61: Sucker | D61: 002B2 | E61: 0.2 | F61: Timur
A62: 46296 | B62: 032A | C62: Sucker | D62: 050A1 | E62: 0.14 | F62: Timur
A63: 46296 | B63: 027C3 | C63: Crown | D63: 063A | E63: 0.25 | F63: Timur
A64: 46296 | B64: 027C3 | C64: Crown | D64: 064B | E64: 0.74 | F64: Timur
A65: 46296 | B65: 046E | C65: Crown | D65: 063A | E65: 0.08 | F65: Timur
A66: 46296 | B66: 046E | C66: Crown | D66: 064B | E66: 0.3 | F66: Timur
A67: 46296 | B67: 048A | C67: Sucker | D67: 050A1 | E67: 0.05 | F67: Timur
A68: 46296 | B68: 055F1 | C68: Sucker | D68: 002B2 | E68: 0.24 | F68: Timur
A69: 46296 | B69: 062F1 | C69: Sucker | D69: 042F1 | E69: 0.16 | F69: Timur
... A204: 46304 | B204: 027H,027I | C204: Sucker | D204: 061C3 | E204: 0.05 | F204: Timur
A205: 46304 | B205: 031B1 | C205: Sucker | D205: 002B2 | E205: 0.33 | F205: Timur | N205: 004C3 | O205: 020E | P205: 004C3 | Q205: 020E | R205: 027H,027I | S205: 049C3 | T205: 020E | U205: 027H,027I
A206: 46304 | B206: 077C | C206: Sucker | D206: 078E2 | E206: 0.23 | F206: Barat
A207: 46304 | B207: 077C | C207: Sucker | D207: 079I | E207: 0.04 | F207: Barat
A208: 46304 | B208: 077C | C208: Sucker | D208: 098C | E208: 0.04 | F208: Barat
A209: 46304 | B209: 071B | C209: Crown | D209: 077A | E209: 2.26 | F209: Barat
A210: 46304 | B210: 071B | C210: Crown | D210: 067B | E210: 0.07 | F210: Barat
A211: 46304 | B211: 072L | C211: Crown | D211: 077A | E211: 0.26 | F211: Barat
A212: 46304 | B212: 072L | C212: Crown | D212: 072C | E212: 0.12 | F212: Barat
A213: 46304 | B213: 096J2 | C213: Crown | D213: 077A | E213: 0.05 | F213: Barat
A214: 46304 | B214: 091C | C214: Crown | D214: 077A | E214: 0.16 | F214: Barat
A215: 46306 | B215: 020K | C215: Sucker | D215: 020F1 | E215: 0.04 | F215: Timur
A216: 46306 | B216: 020K | C216: Sucker | D216: 042F3 | E216: 0.04 | F216: Timur
A217: 46306 | B217: 020K | C217: Sucker | D217: 044A2 | E217: 0.04 | F217: Timur
... A246: 46307 | B246: 049A2 | C246: Crown | D246: 054B1 | E246: 0.05 | F246: Timur
A247: 46307 | B247: 060A | C247: Crown | D247: 013C | E247: =1.84/2 -> 0.92 | F247: Timur
A248: 46307 | B248: 060A | C248: Crown | D248: 013F | E248: 0.92 | F248: Timur
A249: 46307 | B249: 060A | C249: Crown | D249: 020D | E249: 0.13 | F249: Timur

Sheet Kroscek
A1: 46260
C4: Lokasi | D4: Akum Tanam | E4: Input Tanam | F4: Selisih | G4: Keterangan
B5: =INDEX('Data Lokasi'!$B:$B,MATCH(Kroscek!$C5,'Data Lokasi'!$C:$C,0)) -> W03 | C5: 063G2 | D5: 7.91 | E5: =SUMIFS('Input Real Tanam&Petik Nanas'!$J:$J,'Input Real Tanam&Petik Nanas'!$C:$C,Kroscek!$C5) -> 7.41 | F5: =E5-D5 -> -0.5
B6: =INDEX('Data Lokasi'!$B:$B,MATCH(Kroscek!$C6,'Data Lokasi'!$C:$C,0)) -> W02 | C6: 019E2 | D6: 4.94 | E6: =SUMIFS('Input Real Tanam&Petik Nanas'!$J:$J,'Input Real Tanam&Petik Nanas'!$C:$C,Kroscek!$C6)+6.81 -> 11.75 | F6: =E6-D6 -> 6.81 | G6: Ketinggalan Input
B7: =INDEX('Data Lokasi'!$B:$B,MATCH(Kroscek!$C7,'Data Lokasi'!$C:$C,0)) -> W01 | C7: 010F1 | D7: 3.75 | E7: =SUMIFS('Input Real Tanam&Petik Nanas'!$J:$J,'Input Real Tanam&Petik Nanas'!$C:$C,Kroscek!$C7) -> 4.77 | F7: =E7-D7 -> 1.02
B8: =INDEX('Data Lokasi'!$B:$B,MATCH(Kroscek!$C8,'Data Lokasi'!$C:$C,0)) -> W01 | C8: 010F2 | D8: 2.66 | E8: =SUMIFS('Input Real Tanam&Petik Nanas'!$J:$J,'Input Real Tanam&Petik Nanas'!$C:$C,Kroscek!$C8) -> 6.54 | F8: =E8-D8 -> 3.88
B9: =INDEX('Data Lokasi'!$B:$B,MATCH(Kroscek!$C9,'Data Lokasi'!$C:$C,0)) -> W01 | C9: 013D | D9: 8.87 | E9: =SUMIFS('Input Real Tanam&Petik Nanas'!$J:$J,'Input Real Tanam&Petik Nanas'!$C:$C,Kroscek!$C9) -> 4.73 | F9: =E9-D9 -> -4.14
B10: =INDEX('Data Lokasi'!$B:$B,MATCH(Kroscek!$C10,'Data Lokasi'!$C:$C,0)) -> W02 | C10: 024C | D10: 4.96 | E10: =SUMIFS('Input Real Tanam&Petik Nanas'!$J:$J,'Input Real Tanam&Petik Nanas'!$C:$C,Kroscek!$C10) -> 4.05 | F10: =E10-D10 -> -0.91
B11: =INDEX('Data Lokasi'!$B:$B,MATCH(Kroscek!$C11,'Data Lokasi'!$C:$C,0)) -> W02 | C11: 047F1 | D11: 11.12 | E11: =SUMIFS('Input Real Tanam&Petik Nanas'!$J:$J,'Input Real Tanam&Petik Nanas'!$C:$C,Kroscek!$C11) -> 11.18 | F11: =E11-D11 -> 0.06
B12: =INDEX('Data Lokasi'!$B:$B,MATCH(Kroscek!$C12,'Data Lokasi'!$C:$C,0)) -> W03 | C12: 056G1 | D12: 8.33 | E12: =SUMIFS('Input Real Tanam&Petik Nanas'!$J:$J,'Input Real Tanam&Petik Nanas'!$C:$C,Kroscek!$C12) -> 5.97 | F12: =E12-D12 -> -2.36
B13: =INDEX('Data Lokasi'!$B:$B,MATCH(Kroscek!$C13,'Data Lokasi'!$C:$C,0)) -> W03 | C13: 056G2 | D13: 6.11 | E13: =SUMIFS('Input Real Tanam&Petik Nanas'!$J:$J,'Input Real Tanam&Petik Nanas'!$C:$C,Kroscek!$C13) -> 6.12 | F13: =E13-D13 -> 0.01
B14: =INDEX('Data Lokasi'!$B:$B,MATCH(Kroscek!$C14,'Data Lokasi'!$C:$C,0)) -> W03 | C14: 057C | D14: 3.97 | E14: =SUMIFS('Input Real Tanam&Petik Nanas'!$J:$J,'Input Real Tanam&Petik Nanas'!$C:$C,Kroscek!$C14) -> 3.76 | F14: =E14-D14 -> -0.21
B15: =INDEX('Data Lokasi'!$B:$B,MATCH(Kroscek!$C15,'Data Lokasi'!$C:$C,0)) -> W03 | C15: 063G3 | D15: 8.72 | E15: =SUMIFS('Input Real Tanam&Petik Nanas'!$J:$J,'Input Real Tanam&Petik Nanas'!$C:$C,Kroscek!$C15) -> 7.05 | F15: =E15-D15 -> -1.67
B16: =INDEX('Data Lokasi'!$B:$B,MATCH(Kroscek!$C16,'Data Lokasi'!$C:$C,0)) -> W03 | C16: 038F | D16: 6.12 | E16: =SUMIFS('Input Real Tanam&Petik Nanas'!$J:$J,'Input Real Tanam&Petik Nanas'!$C:$C,Kroscek!$C16) -> 6.1 | F16: =E16-D16 -> -0.02
B17: =INDEX('Data Lokasi'!$B:$B,MATCH(Kroscek!$C17,'Data Lokasi'!$C:$C,0)) -> W04 | C17: 042B2 | D17: 5.27 | E17: =SUMIFS('Input Real Tanam&Petik Nanas'!$J:$J,'Input Real Tanam&Petik Nanas'!$C:$C,Kroscek!$C17) -> 5.37 | F17: =E17-D17 -> 0.1
B18: =INDEX('Data Lokasi'!$B:$B,MATCH(Kroscek!$C18,'Data Lokasi'!$C:$C,0)) -> W04 | C18: 042B3 | D18: 8.59 | E18: =SUMIFS('Input Real Tanam&Petik Nanas'!$J:$J,'Input Real Tanam&Petik Nanas'!$C:$C,Kroscek!$C18) -> 8.96 | F18: =E18-D18 -> 0.37
... B25: =INDEX('Data Lokasi'!$B:$B,MATCH(Kroscek!$C25,'Data Lokasi'!$C:$C,0)) -> W01 | C25: 002A2 | D25: 0.67 | E25: =SUMIFS('Input Real Tanam&Petik Nanas'!$J:$J,'Input Real Tanam&Petik Nanas'!$C:$C,Kroscek!$C25) -> 6.02 | F25: =E25-D25 -> 5.35
D26: =SUM(D5:D25) -> 123.6 | E26: =SUM(E5:E25) -> 146.61 | F26: =E26-D26 -> 23.01

Sheet Input Petik Bibit
A1: Tanggal | B1: Lokasi

Sheet Reason
B1: Tanggal 20 Agustus 2026
B2: Lokasi | C2: Kopelan Bulan ini | D2: RTN | E2: Selisih | F2: Ket.
B3: 056G1 | C3: 2.25 | D3: 2.28 | E3: =D3-C3 -> 0.03 | F3: Over
B4: 072B1 | C4: 1.33 | D4: 1.3 | E4: =D4-C4 -> -0.03 | F4: Difisit
B5: 072B2 | C5: 1.75 | D5: 1.36 | E5: =D5-C5 -> -0.39 | F5: Difisit
B6: 076B2 | C6: 0.47 | D6: 0.86 | E6: =D6-C6 -> 0.39 | F6: Over

Sheet Jenis Bibit
C2: LOKASI | D2: JENIS | E2: UKURAN
C3: 004E | D3: Crown | E3: Kecil
C4: 004D | D4: Crown | E4: Kecil
C5: 007F4 | D5: Crown | E5: Kecil
C6: 007F5 | D6: Crown | E6: Extra Kecil
C7: 017A | D7: Sucker | E7: Sedang
C8: 017B1 | D8: Crown | E8: Kecil
C9: 018A | D9: Crown | E9: Kecil
C10: 034C | D10: Sucker | E10: Sedang
C11: 049E | D11: Crown | E11: Kecil
C12: 065A3 | D12: Sucker | E12: Besar
C13: 065A4 | D13: Sucker | E13: Kecil
... C96: 084C1 | D96: Crown | E96: Kecil
C97: 002A2 | D97: =VLOOKUP(C97,[16]Real!$B$15:$F$35,5,0) -> Sucker | E97: =VLOOKUP(C97,[16]Real!$B$15:$F$35,4,0) -> Sedang
C98: 010F1 | D98: =VLOOKUP(C98,[16]Real!$B$15:$F$35,5,0) -> Crown | E98: =VLOOKUP(C98,[16]Real!$B$15:$F$35,4,0) -> Kecil
C99: 010F2 | D99: =VLOOKUP(C99,[16]Real!$B$15:$F$35,5,0) -> Crown | E99: =VLOOKUP(C99,[16]Real!$B$15:$F$35,4,0) -> Kecil
C100: 078B | D100: =VLOOKUP(C100,[16]Real!$B$15:$F$35,5,0) -> Crown | E100: =VLOOKUP(C100,[16]Real!$B$15:$F$35,4,0) -> Kecil
C101: 085C | D101: =VLOOKUP(C101,[16]Real!$B$15:$F$35,5,0) -> Crown | E101: =VLOOKUP(C101,[16]Real!$B$15:$F$35,4,0) -> Extra Kecil
C102: 078A | D102: Crown | E102: Kecil
C103: 078I | D103: Crown | E103: Kecil
C104: 078J | D104: Crown | E104: Extra Kecil
C105: 024B | D105: Crown | E105: Extra Kecil
C106: 001C | D106: Crown | E106: Kecil
C107: 002B2 | D107: Crown | E107: Kecil
C108: 061G | D108: Crown | E108: Extra Kecil
C109: 001B2 | D109: Crown | E109: Kecil
C110: 061E1 | D110: Crown | E110: Extra Kecil
C111: 050A1 | D111: Sucker | E111: Sedang
C112: 078E2 | D112: Sucker | E112: Kecil
C113: 061E2 | D113: Crown | E113: Extra Kecil
... C115: 064B | D115: Crown | E115: Kecil

Sheet Sts Ags'22
A1: Grp.Lvl 03 | B1: Grp.Lvl 05 | C1: Grp.Lvl 04 | D1: Lokasi | E1: Grp.Lvl 04 | F1: Luas bruto | G1: Luas netto | H1: Luas aktif tanaman | J1: Satuan | K1: Status | L1: status sebelumnya | M1: Next status 1 | N1: Next status 2 | O1: Tanggal perubahan status | P1: Tanggal mulai rawat | Q1: Tanggal mulai tanam | R1: Jenis tanaman | S1: Bibit | T1: Umur (Hari) | U1: Umur (Bulan) | V1: Umur Perawatan | W1: Tgl next status 1 | X1: Tgl next status 2 | Y1: Tanggal forcing standard | Z1: Tanggal forcing rencana | AA1: Tanggal forcing realisasi | AB1: Tanggal panen standard | AC1: Tanggal panen rencana | AD1: Tanggal panen realisasi
A2: AP1 | B2: PPP | C2: AW01 | D2: 001A | E2: =RIGHT(C2,3) -> W01 | F2: 7.5 | G2: 5.86 | H2: 5.86 | J2: HA | K2: NSFC2302 | L2: NSST | M2: NSSC | O2: 44959 | P2: 44957 | Q2: 44933 | R2: NS | S2: NSGP3SS1 | T2: 517 | U2: 0 | V2: 7 | W2: 43322
A3: AP1 | B3: PPP | C3: AW01 | D3: 001C | E3: =RIGHT(C3,3) -> W01 | F3: 9.16 | G3: 6 | H3: 6 | J3: HA | K3: PSSR2208 | L3: PSSC | M3: PS3R | O3: 44803 | P3: 44623 | Q3: 44121 | R3: PS | S3: PSCJ4MTX | T3: 357 | U3: 11 | V3: 341 | W3: 44868 | AD3: 44841
A4: AP1 | B4: PPP | C4: AW01 | D4: 001D | E4: =RIGHT(C4,3) -> W01 | F4: 6.76 | G4: 5.41 | H4: 5.41 | J4: HA | K4: NSSC2209 | L4: NSFC | M4: NSBK-NSST | N4: NSBK-NSST | O4: 44805 | P4: 44792 | Q4: 44306 | R4: NS | T4: 402 | U4: 5 | V4: 172 | W4: 43983 | X4: 43411 | AD4: 44801
A5: AP1 | B5: PPP | C5: AW01 | D5: 002A | E5: =RIGHT(C5,3) -> W01 | F5: 12.34 | G5: 9.98 | H5: 9.98 | J5: HA | K5: NSSC2205 | L5: NSFC | M5: NSBK-NSST | N5: NSFC | O5: 44705 | P5: 44696 | Q5: 44104 | R5: NS | T5: 402 | U5: 8 | V5: 268 | W5: 43471 | X5: 43327 | AA5: 44938 | AD5: 44757
A6: AP1 | B6: PPP | C6: AW01 | D6: 002B | E6: =RIGHT(C6,3) -> W01 | F6: 11.56 | G6: 9.57 | H6: 9.57 | J6: HA | K6: NSSC2202 | L6: NSFC | M6: NSBK-NSST | N6: NSBK-NSST | O6: 44594 | P6: 44574 | Q6: 43955 | R6: NS | T6: 402 | U6: 12 | V6: 390 | W6: 44478 | X6: 44761 | AA6: 44844 | AD6: 44946
A7: AP1 | B7: PPP | C7: AW01 | D7: 002C | E7: =RIGHT(C7,3) -> W01 | F7: 7.6 | G7: 5.97 | H7: 5.97 | J7: HA | K7: NSFC2301 | L7: NSST | M7: NSSC | N7: NSBK-NSST | O7: 44929 | P7: 44923 | Q7: 44907 | R7: NS | S7: NSGP3NK1 | T7: 577 | U7: 1 | V7: 41 | W7: 43747 | X7: 43665
A8: AP1 | B8: PPP | C8: AW01 | D8: 003A | E8: =RIGHT(C8,3) -> W01 | F8: 6.74 | G8: 5.46 | H8: 5.46 | J8: HA | K8: NSSC2208 | L8: NSFC | M8: NSBK-NSST | O8: 44774 | P8: 44774 | Q8: 44222 | R8: NS | T8: 402 | U8: 6 | V8: 190 | W8: 43803 | AD8: 44766
A9: AP1 | B9: PPP | C9: AW01 | D9: 003B | E9: =RIGHT(C9,3) -> W01 | F9: 8.07 | G9: 6.52 | H9: 6.52 | J9: HA | K9: NSFC2212 | L9: NSST | M9: NSSC | N9: NSBK-NSST | O9: 44897 | P9: 44895 | Q9: 44869 | R9: NS | S9: NSGP3CK1 | T9: 577 | U9: 2 | V9: 69 | W9: 43747 | X9: 43665
A10: AP1 | B10: PPP | C10: AW01 | D10: 003C | E10: =RIGHT(C10,3) -> W01 | F10: 10.1 | G10: 7.93 | H10: 7.93 | J10: HA | K10: NSFC2212 | L10: NSST | M10: NSSC | N10: NSBK-NSST | O10: 44897 | P10: 44891 | Q10: 44869 | R10: NS | S10: NSGP3CK1 | T10: 577 | U10: 2 | V10: 73 | W10: 43747 | X10: 43665
A11: AP1 | B11: PPP | C11: AW01 | D11: 003D | E11: =RIGHT(C11,3) -> W01 | F11: 4.2 | G11: 3.3 | H11: 3.3 | J11: HA | K11: NSSC2207 | L11: NSFC | M11: NSBK-NSST | O11: 44744 | P11: 44723 | Q11: 44209 | R11: NS | T11: 402 | U11: 7 | V11: 241 | W11: 43388 | AD11: 44715
A12: AP1 | B12: PPP | C12: AW01 | D12: 003E | E12: =RIGHT(C12,3) -> W01 | F12: 12.54 | G12: 9.96 | H12: 9.96 | J12: HA | K12: NSSC2208 | L12: NSFC | M12: NSBK-NSST | O12: 44774 | P12: 44751 | Q12: 44211 | R12: NS | T12: 402 | U12: 7 | V12: 213 | W12: 43803 | AD12: 44777
A13: AP1 | B13: PPP | C13: AW01 | D13: 003F | E13: =RIGHT(C13,3) -> W01 | F13: 8.93 | G13: 7.15 | H13: 7.15 | J13: HA | K13: NSSC2205 | L13: NSFC | M13: NSBK-NSST | N13: NSFC | O13: 44705 | P13: 44699 | Q13: 44104 | R13: NS | T13: 402 | U13: 8 | V13: 265 | W13: 43471 | X13: 43327 | AA13: 44938 | AD13: 44756
A14: AP1 | B14: PPP | C14: AW01 | D14: 003G | E14: =RIGHT(C14,3) -> W01 | F14: 6.52 | G14: 5.05 | H14: 5.05 | J14: HA | K14: NSFC2210 | L14: NSST | M14: NSSC | N14: NSFC | O14: 44838 | P14: 44832 | Q14: 44816 | R14: NS | S14: NSGP3CK1 | T14: 577 | U14: 4 | V14: 132 | W14: 43710 | X14: 42572
A15: AP1 | B15: PPP | C15: AW01 | D15: 003H | E15: =RIGHT(C15,3) -> W01 | F15: 11.24 | G15: 8.72 | H15: 8.72 | J15: HA | K15: NSFC2301 | L15: NSST | M15: NSSC | N15: NSFC | O15: 44928 | P15: 44910 | Q15: 44902 | R15: NS | S15: NSGP3NK1 | T15: 577 | U15: 1 | V15: 54 | W15: 43373 | X15: 42702
A16: AP1 | B16: PPP | C16: AW01 | D16: 003I | E16: =RIGHT(C16,3) -> W01 | F16: 9.18 | G16: 7.13 | H16: 7.13 | J16: HA | K16: NSBK2211 | L16: NSSC | M16: NSST | N16: NSBK-NSST | O16: 44893 | P16: 44884 | R16: NS | T16: 120 | U16: 2 | V16: 80 | W16: 43767 | X16: 43796
A17: AP1 | B17: PPP | C17: AW01 | D17: 003J | E17: =RIGHT(C17,3) -> W01 | F17: 6 | G17: 4.9 | H17: 4.9 | J17: HA | K17: NSFC2106 | L17: NSST | M17: NSSC | N17: NSBK-NSST | O17: 44372 | P17: 44367 | Q17: 44340 | R17: NS | S17: NSGP3NK1 | T17: 577 | U17: 19 | V17: 597 | W17: 43763 | X17: 43468 | AA17: 44811 | AD17: 44894
A18: AP1 | B18: PPP | C18: AW01 | D18: 004A | E18: =RIGHT(C18,3) -> W01 | F18: 9.98 | G18: 8.04 | H18: 8.04 | J18: HA | K18: NSFC2209 | L18: NSST | M18: NSSC | O18: 44806 | P18: 44805 | Q18: 44794 | R18: NS | S18: NSGP3NK1 | T18: 577 | U18: 5 | V18: 159 | W18: 44383
A19: AP1 | B19: PPP | C19: AW01 | D19: 004B | E19: =RIGHT(C19,3) -> W01 | F19: 7.75 | G19: 6.12 | H19: 6.12 | J19: HA | K19: PSBK2301 | L19: PS4R | M19: NSST | O19: 44956 | P19: 44956 | Q19: 44168 | R19: PS | T19: 60 | U19: 0 | V19: 8 | W19: 45043
A20: AP1 | B20: PPP | C20: AW01 | D20: 004D | E20: =RIGHT(C20,3) -> W01 | F20: 4.3 | G20: 3.58 | H20: 3.58 | J20: HA | K20: PSSR2205 | L20: PSSC | M20: PS3R | O20: 44708 | P20: 44557 | Q20: 44086 | R20: PS | S20: PSCJ4MTX | T20: 357 | U20: 13 | V20: 407 | W20: 44748 | AD20: 44806
A21: AP1 | B21: PPP | C21: AW01 | D21: 004E | E21: =RIGHT(C21,3) -> W01 | F21: 10.68 | G21: 8.62 | H21: 8.62 | J21: HA | K21: PSBK2211 | L21: PS3R | M21: NSST | O21: 44891 | P21: 44891 | Q21: 43655 | R21: PS | T21: 60 | U21: 2 | V21: 73 | W21: 45005
A22: AP1 | B22: PPP | C22: AW01 | D22: 004F | E22: =RIGHT(C22,3) -> W01 | F22: 11.4 | G22: 9.08 | H22: 9.08 | J22: HA | K22: NSFC2204 | L22: NSST | M22: NSSC | N22: NSFC | O22: 44680 | P22: 44669 | Q22: 44639 | R22: NS | S22: NSGP3ANK | T22: 577 | U22: 9 | V22: 295 | W22: 43293 | X22: 43079
A23: AP1 | B23: PPP | C23: AW01 | D23: 004G | E23: =RIGHT(C23,3) -> W01 | F23: 16.16 | G23: 12.62 | H23: 12.62 | J23: HA | K23: NSFC2301 | L23: NSST | M23: NSSC | N23: NSST | O23: 44957 | P23: 44942 | Q23: 44923 | R23: NS | S23: NSGP3NK1 | T23: 577 | U23: 0 | V23: 22 | W23: 43175 | X23: 43206
A24: AP1 | B24: PPP | C24: AW01 | D24: 004H | E24: =RIGHT(C24,3) -> W01 | F24: 12.47 | G24: 9.91 | H24: 9.91 | J24: HA | K24: NSFC2204 | L24: NSST | M24: NSSC | N24: NSFC | O24: 44669 | P24: 44657 | Q24: 44636 | R24: NS | S24: NSGP3NK1 | T24: 577 | U24: 10 | V24: 307 | W24: 43293 | X24: 43079
A25: AP1 | B25: PPP | C25: AW01 | D25: 004I | E25: =RIGHT(C25,3) -> W01 | F25: 6.46 | G25: 5.05 | H25: 5.05 | J25: HA | K25: NSSC2212 | L25: NSFC | M25: NSBK-NSST | N25: NSST | O25: 44926 | P25: 44919 | Q25: 44370 | R25: NS | T25: 402 | U25: 1 | V25: 45 | W25: 43175 | X25: 43206
A26: AP1 | B26: PPP | C26: AW01 | D26: 004J | E26: =RIGHT(C26,3) -> W01 | F26: 7.68 | G26: 6 | H26: 6 | J26: HA | K26: NSFC2301 | L26: NSST | M26: NSSC | N26: NSBK-NSST | O26: 44929 | P26: 44926 | Q26: 44915 | R26: NS | S26: NSGP3NK1 | T26: 577 | U26: 1 | V26: 38 | W26: 43747 | X26: 43665 | AD26: 44940
A27: AP1 | B27: PPP | C27: AW01 | D27: 004K | E27: =RIGHT(C27,3) -> W01 | F27: 12.28 | G27: 9.52 | H27: 9.52 | J27: HA | K27: NSSC2211 | L27: NSFC | M27: NSBK-NSST | N27: NSST | O27: 44866 | P27: 44854 | Q27: 44370 | R27: NS | T27: 402 | U27: 3 | V27: 110 | W27: 43175 | X27: 43206
A28: AP1 | B28: PPP | C28: AW01 | D28: 005A | E28: =RIGHT(C28,3) -> W01 | F28: 8.23 | G28: 6.66 | H28: 6.66 | J28: HA | K28: NSSC2208 | L28: NSFC | M28: NSBK-NSST | O28: 44774 | P28: 44773 | Q28: 44222 | R28: NS | T28: 402 | U28: 6 | V28: 191 | W28: 43803 | AD28: 44765
A29: AP1 | B29: PPP | C29: AW01 | D29: 005B | E29: =RIGHT(C29,3) -> W01 | F29: 14.75 | G29: 11.64 | H29: 11.64 | J29: HA | K29: NSFC2212 | L29: NSST | M29: NSSC | N29: NSBK-NSST | O29: 44897 | P29: 44884 | Q29: 44854 | R29: NS | S29: NSGP3CK1 | T29: 577 | U29: 2 | V29: 80 | W29: 43747 | X29: 43665
A30: AP1 | B30: PPP | C30: AW01 | D30: 005C | E30: =RIGHT(C30,3) -> W01 | F30: 8.6 | G30: 6.94 | H30: 6.94 | J30: HA | K30: NSSC2209 | L30: NSFC | M30: NSBK-NSST | O30: 44805 | P30: 44790 | Q30: 44339 | R30: NS | T30: 402 | U30: 5 | V30: 174 | W30: 43322 | AD30: 44802
A31: AP1 | B31: PPP | C31: AW01 | D31: 005D | E31: =RIGHT(C31,3) -> W01 | F31: 7.16 | G31: 5.86 | H31: 5.86 | J31: HA | K31: NSSC2211 | L31: NSBB | M31: NSBK-NSST | O31: 44880 | P31: 44790 | Q31: 44227 | R31: NS | T31: 402 | U31: 5 | V31: 174 | W31: 43322
A32: AP1 | B32: PPP | C32: AW01 | D32: 005E | E32: =RIGHT(C32,3) -> W01 | F32: 6.82 | G32: 5.45 | H32: 5.45 | J32: HA | K32: PSFC2204 | L32: PSST | M32: PSSC | O32: 44655 | P32: 44626 | Q32: 44626 | R32: PS | S32: PSCJ4MTX | T32: 392 | U32: 11 | V32: 338 | W32: 45190 | AD32: 44897
A33: AP1 | B33: PPP | C33: AW01 | D33: 005F1 | E33: =RIGHT(C33,3) -> W01 | F33: 11.82 | G33: 9.47 | H33: 7.46 | J33: HA | K33: PSFC2202 | L33: PSST | M33: PSSC | O33: 44607 | P33: 44605 | Q33: 44605 | R33: PS | S33: PSC31SCX | T33: 392 | U33: 11 | V33: 359 | W33: 45222 | AD33: 44873
A34: AP1 | B34: PPP | C34: AW01 | D34: 005G | E34: =RIGHT(C34,3) -> W01 | F34: 5.14 | G34: 4.24 | H34: 4.24 | J34: HA | K34: PSFC2201 | L34: PSST | M34: PSSC | O34: 44572 | P34: 44560 | Q34: 44560 | R34: PS | S34: PSC31SCX | T34: 392 | U34: 13 | V34: 404 | W34: 45190 | AD34: 44848
A35: AP1 | B35: PPP | C35: AW01 | D35: 006A | E35: =RIGHT(C35,3) -> W01 | F35: 11.6 | G35: 9.3 | H35: 9.3 | J35: HA | K35: PSFC2206 | L35: PSST | M35: PSSC | O35: 44729 | P35: 44717 | Q35: 44717 | R35: PS | S35: PSCJ4MTX | T35: 392 | U35: 8 | V35: 247 | W35: 45165
A36: AP1 | B36: PPP | C36: AW01 | D36: 006B | E36: =RIGHT(C36,3) -> W01 | F36: 9.26 | G36: 7.51 | H36: 7.51 | J36: HA | K36: PSFC2206 | L36: PSST | M36: PSSC | O36: 44742 | P36: 44709 | Q36: 44709 | R36: PS | S36: PSCJ4MTX | T36: 392 | U36: 8 | V36: 255 | W36: 45165
A37: AP1 | B37: PPP | C37: AW01 | D37: 006C | E37: =RIGHT(C37,3) -> W01 | F37: 6.58 | G37: 5.74 | H37: 5.74 | J37: HA | K37: PSFC2204 | L37: PSST | M37: PSSC | O37: 44663 | P37: 44662 | Q37: 44662 | R37: PS | S37: PSCJ4MTX | T37: 392 | U37: 9 | V37: 302 | W37: 45216 | AD37: 44937
A38: AP1 | B38: PPP | C38: AW01 | D38: 006D | E38: =RIGHT(C38,3) -> W01 | F38: 5.43 | G38: 4.28 | H38: 4.28 | J38: HA | K38: NSFC2202 | L38: NSST | M38: NSSC | O38: 44594 | P38: 44589 | Q38: 44578 | R38: NS | S38: NSGP3SB1 | T38: 457 | U38: 12 | V38: 375 | W38: 44749 | AA38: 44904
A39: AP1 | B39: PPP | C39: AW01 | D39: 006E | E39: =RIGHT(C39,3) -> W01 | F39: 12.28 | G39: 9.68 | H39: 9.68 | J39: HA | K39: NSFC2203 | L39: NSST | M39: NSSC | O39: 44632 | P39: 44623 | Q39: 44584 | R39: NS | S39: NSGP3SS1 | T39: 517 | U39: 11 | V39: 341 | AA39: 44946
A40: AP1 | B40: PPP | C40: AW01 | D40: 006F | E40: =RIGHT(C40,3) -> W01 | F40: 10.04 | G40: 8.12 | H40: 8.12 | J40: HA | K40: NSFC2203 | L40: NSST | M40: NSSC | O40: 44635 | P40: 44610 | Q40: 44590 | R40: NS | S40: NSGP3SB1 | T40: 457 | U40: 11 | V40: 354 | AA40: 44910
A41: AP1 | B41: PPP | C41: AW01 | D41: 006G | E41: =RIGHT(C41,3) -> W01 | F41: 9.66 | G41: 7.7 | H41: 7.7 | J41: HA | K41: NSFC2203 | L41: NSST | M41: NSSC | O41: 44642 | P41: 44623 | Q41: 44600 | R41: NS | S41: NSGP3SB1 | T41: 457 | U41: 11 | V41: 341 | AA41: 44910
A42: AP1 | B42: PPP | C42: AW01 | D42: 007A | E42: =RIGHT(C42,3) -> W01 | F42: 22.46 | G42: 17.91 | H42: 17.91 | J42: HA | K42: NSSC2204 | L42: NSFC | M42: NSBK-NSST | O42: 44653 | P42: 44649 | Q42: 44111 | R42: NS | T42: 402 | U42: 10 | V42: 315 | W42: 44523 | AA42: 44902
A43: AP1 | B43: PPP | C43: AW01 | D43: 007AS | E43: =RIGHT(C43,3) -> W01 | F43: 0.5 | G43: 0.5 | H43: 0.5 | J43: HA | K43: SKBK2212 | L43: SKFC | M43: SKST | O43: 44897 | P43: 44895 | R43: SK | T43: 60 | U43: 2 | V43: 69 | W43: 44473
A44: AP1 | B44: PPP | C44: AW01 | D44: 007D | E44: =RIGHT(C44,3) -> W01 | F44: 12.53 | G44: 9.78 | H44: 9.78 | J44: HA | K44: NSFC2211 | L44: NSST | M44: NSSC | N44: NSBK-NSST | O44: 44886 | P44: 44870 | Q44: 44849 | R44: NS | S44: NSGP3CK1 | T44: 577 | U44: 3 | V44: 94 | W44: 43747 | X44: 43665
A45: AP1 | B45: PPP | C45: AW01 | D45: 008A | E45: =RIGHT(C45,3) -> W01 | F45: 8.55 | G45: 6.73 | H45: 6.73 | J45: HA | K45: PSBK2212 | L45: PSSC | M45: NSST | O45: 44926 | P45: 44926 | Q45: 44128 | R45: PS | T45: 60 | U45: 1 | V45: 38 | W45: 44473
A46: AP1 | B46: PPP | C46: AW01 | D46: 008C | E46: =RIGHT(C46,3) -> W01 | F46: 4.34 | G46: 3.47 | H46: 3.47 | J46: HA | K46: NSFC2210 | L46: NSST | M46: NSSC | O46: 44865 | P46: 44845 | Q46: 44818 | R46: NS | S46: NSGP3SS1 | T46: 517 | U46: 3 | V46: 119 | W46: 44473
A47: AP1 | B47: PPP | C47: AW01 | D47: 008D2 | E47: =RIGHT(C47,3) -> W01 | F47: 6.6 | G47: 5.15 | H47: 5.15 | J47: HA | K47: NSFC2211 | L47: NSST | M47: NSSC | O47: 44867 | P47: 44865 | Q47: 44826 | R47: NS | S47: NSGP3SS1 | T47: 457 | U47: 3 | V47: 99 | W47: 45203
A48: AP1 | B48: PPP | C48: AW01 | D48: 008F | E48: =RIGHT(C48,3) -> W01 | F48: 12.26 | G48: 9.9 | H48: 9.9 | J48: HA | K48: NSFC2302 | L48: NSST | M48: NSSC | O48: 44959 | P48: 44951 | Q48: 44931 | R48: NS | S48: NSGP3NK1 | T48: 577 | U48: 0 | V48: 13 | W48: 43322
A49: AP1 | B49: PPP | C49: AW01 | D49: 008F9 | E49: =RIGHT(C49,3) -> W01 | F49: 11.1 | G49: 8.85 | H49: 8.85 | J49: HA | K49: NSFC2108 | L49: NSST | M49: NSSC | N49: NSBK-NSST | O49: 44424 | P49: 44413 | Q49: 44389 | R49: NS | S49: NSGP3NK1 | T49: 577 | U49: 18 | V49: 551 | W49: 43763 | X49: 43468 | AA49: 44812 | AD49: 44901
A50: AP1 | B50: PPP | C50: AW01 | D50: 009A | E50: =RIGHT(C50,3) -> W01 | F50: 15.66 | G50: 12.43 | H50: 12.43 | J50: HA | K50: NSBB2204 | L50: NSFC | M50: NSBK-NSST | N50: PSFC | O50: 44680 | P50: 44672 | Q50: 44116 | R50: NS | T50: 300 | U50: 9 | V50: 292 | W50: 43545 | X50: 43932 | AD50: 44726
A51: AP1 | B51: PPP | C51: AW01 | D51: 009B | E51: =RIGHT(C51,3) -> W01 | F51: 6.33 | G51: 4.66 | H51: 4.66 | J51: HA | K51: PSFC2302 | L51: PSST | M51: PSSC | O51: 44958 | P51: 44952 | Q51: 44952 | R51: PS | S51: PSCJ4MTX | T51: 420 | U51: 0 | V51: 12
A52: AP1 | B52: PPP | C52: AW01 | D52: 009C | E52: =RIGHT(C52,3) -> W01 | F52: 7.76 | G52: 6.15 | H52: 6.15 | J52: HA | K52: NSSC2208 | L52: NSFC | M52: NSBK-NSST | O52: 44774 | P52: 44771 | Q52: 44238 | R52: NS | T52: 402 | U52: 6 | V52: 193 | W52: 43803 | AD52: 44764
A53: AP1 | B53: PPP | C53: AW01 | D53: 009D | E53: =RIGHT(C53,3) -> W01 | F53: 12.13 | G53: 9.72 | H53: 9.72 | J53: HA | K53: PSST2212 | L53: NSBK-PSST | M53: PSFC | O53: 44926 | P53: 44926 | Q53: 44926 | R53: PS | T53: 7 | U53: 1 | V53: 38 | W53: 44796
A54: AP1 | B54: PPP | C54: AW01 | D54: 009E | E54: =RIGHT(C54,3) -> W01 | F54: 8 | G54: 6.33 | H54: 6.33 | J54: HA | K54: NSSC2208 | L54: NSFC | M54: NSBK-NSST | O54: 44774 | P54: 44772 | Q54: 44236 | R54: NS | T54: 402 | U54: 6 | V54: 192 | W54: 43803 | AD54: 44774
A55: AP1 | B55: PPP | C55: AW01 | D55: 009F | E55: =RIGHT(C55,3) -> W01 | F55: 11.7 | G55: 9.15 | H55: 9.15 | J55: HA | K55: NSFC2208 | L55: NSST | M55: NSSC | N55: NSFC | O55: 44775 | P55: 44758 | Q55: 44713 | R55: NS | S55: NSGP3SB1 | T55: 457 | U55: 6 | V55: 206 | W55: 43535 | X55: 43566
A56: AP1 | B56: PPP | C56: AW01 | D56: 010A | E56: =RIGHT(C56,3) -> W01 | F56: 5.9 | G56: 4.78 | H56: 4.78 | J56: HA | K56: NSFC2201 | L56: NSST | M56: NSSC | N56: NSBK-NSST | O56: 44589 | P56: 44581 | Q56: 44564 | R56: NS | S56: NSGP3SK1 | T56: 577 | U56: 12 | V56: 383 | W56: 43747 | X56: 43665
A57: AP1 | B57: PPP | C57: AW01 | D57: 010B | E57: =RIGHT(C57,3) -> W01 | F57: 4.29 | G57: 3.34 | H57: 3.34 | J57: HA | K57: NSBB2212 | L57: NSFC | M57: NSBK-NSST | N57: NSST | O57: 44926 | P57: 44919 | Q57: 44345 | R57: NS | T57: 300 | U57: 1 | V57: 45 | W57: 43175 | X57: 43206
A58: AP1 | B58: PPP | C58: AW01 | D58: 010C | E58: =RIGHT(C58,3) -> W01 | F58: 15.2 | G58: 12.43 | H58: 12.43 | J58: HA | K58: NSBB2208 | L58: NSFC | M58: NSBK-NSST | O58: 44774 | P58: 44770 | R58: NS | T58: 300 | U58: 6 | V58: 194 | W58: 43803 | AD58: 44817
A59: AP1 | B59: PPP | C59: AW01 | D59: 011A | E59: =RIGHT(C59,3) -> W01 | F59: 5.9 | G59: 4.62 | H59: 4.62 | J59: HA | K59: NSFC2203 | L59: NSST | M59: NSSC | N59: NSFC | O59: 44650 | P59: 44639 | Q59: 44627 | R59: NS | S59: NSGP3SB1 | T59: 457 | U59: 10 | V59: 325 | W59: 43620 | X59: 42472 | AA59: 44904
A60: AP1 | B60: PPP | C60: AW01 | D60: 011B | E60: =RIGHT(C60,3) -> W01 | F60: 8.22 | G60: 6.57 | H60: 6.57 | J60: HA | K60: NSFC2208 | L60: NSST | M60: NSSC | N60: NSFC | O60: 44798 | P60: 44783 | Q60: 44732 | R60: NS | S60: NSGP3SK1 | T60: 577 | U60: 5 | V60: 181 | W60: 43293 | X60: 43079
A61: AP1 | B61: PPP | C61: AW01 | D61: 012A | E61: =RIGHT(C61,3) -> W01 | F61: 8.07 | G61: 6.16 | H61: 6.16 | J61: HA | K61: PSFC2205 | L61: PSST | M61: PSSC | O61: 44695 | P61: 44675 | Q61: 44675 | R61: PS | S61: PSCJ4MTX | T61: 392 | U61: 9 | V61: 289 | W61: 45222 | AD61: 44932
A62: AP1 | B62: PPP | C62: AW01 | D62: 012B | E62: =RIGHT(C62,3) -> W01 | F62: 12.96 | G62: 10.3 | H62: 10.3 | J62: HA | K62: NSSC2209 | L62: NSFC | M62: NSBK-NSST | O62: 44805 | P62: 44804 | Q62: 44347 | R62: NS | T62: 402 | U62: 5 | V62: 160 | W62: 43322 | AD62: 44803
A63: AP1 | B63: PPP | C63: AW01 | D63: 012C | E63: =RIGHT(C63,3) -> W01 | F63: 10.8 | G63: 8.62 | H63: 8.62 | J63: HA | K63: NSFC2212 | L63: NSST | M63: NSSC | N63: NSBK-NSST | O63: 44897 | P63: 44882 | Q63: 44871 | R63: NS | S63: NSGP3NK1 | T63: 577 | U63: 2 | V63: 82 | W63: 43747 | X63: 43665
A64: AP1 | B64: PPP | C64: AW01 | D64: 012D | E64: =RIGHT(C64,3) -> W01 | F64: 11.26 | G64: 8.95 | H64: 8.95 | J64: HA | K64: PSSR2208 | L64: PSSC | M64: PS3R | O64: 44803 | P64: 44635 | Q64: 44058 | R64: PS | S64: PSCJ5MTX | T64: 357 | U64: 10 | V64: 329 | W64: 44848 | AD64: 44806
A65: AP1 | B65: PPP | C65: AW01 | D65: 012E | E65: =RIGHT(C65,3) -> W01 | F65: 9.87 | G65: 7.75 | H65: 7.75 | J65: HA | K65: NSFC2204 | L65: NSST | M65: NSSC | N65: NSBK-NSST | O65: 44669 | P65: 44661 | Q65: 44637 | R65: NS | S65: NSGP3SS1 | T65: 517 | U65: 9 | V65: 303 | W65: 43858 | X65: 44234
A66: AP1 | B66: PPP | C66: AW02 | D66: 013A | E66: =RIGHT(C66,3) -> W02 | F66: 11.64 | G66: 9.78 | H66: 9.78 | J66: HA | K66: NSST2301 | L66: PSBK-NSST | M66: NSFC | O66: 44954 | P66: 44954 | Q66: 44957 | R66: NS | T66: 30 | U66: 0 | V66: 10 | W66: 44542
A67: AP1 | B67: PPP | C67: AW02 | D67: 013F | E67: =RIGHT(C67,3) -> W02 | F67: 9.5 | G67: 8 | H67: 8 | J67: HA | K67: PSBK2301 | L67: PSSR | M67: NSST | O67: 44956 | P67: 44956 | Q67: 43872 | R67: PS | T67: 60 | U67: 0 | V67: 8 | W67: 45043
A68: AP1 | B68: PPP | C68: AW02 | D68: 013G | E68: =RIGHT(C68,3) -> W02 | F68: 12.38 | G68: 9.67 | H68: 9.67 | K68: NSFC2209 | L68: NSST | M68: NSSC | N68: NSBK-NSST | O68: 44834 | P68: 44826 | Q68: 44806 | R68: NS | S68: NSGP3CK1 | T68: 577 | U68: 4 | V68: 138 | W68: 43768 | X68: 43697
A69: AP1 | B69: PPP | C69: AW02 | D69: 013G2 | E69: =RIGHT(C69,3) -> W02 | F69: 3.22 | G69: 2.56 | H69: 2.56 | J69: HA | K69: PSSC2209 | L69: PSFC | M69: PSSR | O69: 44832 | P69: 44613 | Q69: 44447 | R69: PS | S69: PSGALMTZ | T69: 238 | U69: 11 | V69: 351 | W69: 44842 | AD69: 44841
A70: AP1 | B70: PPP | C70: AW02 | D70: 013G3 | E70: =RIGHT(C70,3) -> W02 | F70: 0.41 | G70: 0.41 | H70: 0.41 | J70: HA | K70: SKBK2302 | L70: SKFC | M70: SKST | N70: NSBK-NSST | O70: 44959 | P70: 44957 | R70: SK | T70: 60 | U70: 0 | V70: 7 | W70: 43128 | X70: 43503
A71: AP1 | B71: PPP | C71: AW02 | D71: 014A | E71: =RIGHT(C71,3) -> W02 | F71: 4.38 | G71: 3.54 | H71: 3.54 | J71: HA | K71: PSSC2210 | L71: PSFC | M71: PSSR | O71: 44861 | P71: 44666 | Q71: 44449 | R71: PS | S71: PSCJ4MTX | T71: 238 | U71: 9 | V71: 298 | W71: 45210 | AD71: 44881
A72: AP1 | B72: PPP | C72: AW02 | D72: 014B | E72: =RIGHT(C72,3) -> W02 | F72: 6.35 | G72: 5.05 | H72: 5.05 | J72: HA | K72: NSSC2205 | L72: NSFC | M72: NSBK-NSST | O72: 44704 | P72: 44698 | Q72: 44151 | R72: NS | T72: 402 | U72: 8 | V72: 266 | AA72: 44926
A73: AP1 | B73: PPP | C73: AW02 | D73: 014C | E73: =RIGHT(C73,3) -> W02 | F73: 10.9 | G73: 8.79 | H73: 8.79 | J73: HA | K73: NSSC2211 | L73: NSBB | M73: NSBK-NSST | N73: NSST | O73: 44866 | P73: 44796 | Q73: 44235 | R73: NS | T73: 402 | U73: 5 | V73: 168 | W73: 43175 | X73: 43206
A74: AP1 | B74: PPP | C74: AW02 | D74: 014D | E74: =RIGHT(C74,3) -> W02 | F74: 10.38 | G74: 6.26 | H74: 6.26 | J74: HA | K74: PSBK2212 | L74: PS3R | M74: NSST | O74: 44925 | P74: 44925 | Q74: 44343 | R74: PS | T74: 60 | U74: 1 | V74: 39 | W74: 44653
A75: AP1 | B75: PPP | C75: AW02 | D75: 014E | E75: =RIGHT(C75,3) -> W02 | F75: 15.4 | G75: 12.12 | H75: 12.12 | J75: HA | K75: NSFC2209 | L75: NSST | M75: NSSC | O75: 44806 | P75: 44797 | Q75: 44767 | R75: NS | S75: NSGP3CK1 | T75: 577 | U75: 5 | V75: 167 | W75: 45236
A76: AP1 | B76: PPP | C76: AW02 | D76: 014F | E76: =RIGHT(C76,3) -> W02 | F76: 14.94 | G76: 11.77 | H76: 11.77 | J76: HA | K76: NSFC2210 | L76: NSST | M76: NSSC | N76: NSBK-NSST | O76: 44835 | P76: 44826 | Q76: 44767 | R76: NS | S76: NSGP3SS1 | T76: 517 | U76: 4 | V76: 138 | W76: 45348 | X76: 45740
A77: AP1 | B77: PPP | C77: AW04 | D77: 015A | E77: =RIGHT(C77,3) -> W04 | F77: 5.76 | G77: 4.57 | H77: 4.57 | J77: HA | K77: NSFC2207 | L77: NSST | M77: NSSC | O77: 44747 | P77: 44712 | Q77: 44665 | R77: NS | S77: NSGP3SS1 | T77: 517 | U77: 8 | V77: 252 | W77: 44996
A78: AP1 | B78: PPP | C78: AW04 | D78: 015B | E78: =RIGHT(C78,3) -> W04 | F78: 6.84 | G78: 5.44 | H78: 5.44 | J78: HA | K78: NSFC2208 | L78: NSST | M78: NSSC | N78: NSFC | O78: 44798 | P78: 44788 | Q78: 44748 | R78: NS | S78: NSGP3CK1 | T78: 577 | U78: 5 | V78: 176 | W78: 43293 | X78: 43079
A79: AP1 | B79: PPP | C79: AW02 | D79: 016A | E79: =RIGHT(C79,3) -> W02 | F79: 4.5 | G79: 3.59 | H79: 3.59 | J79: HA | K79: NSFC2204 | L79: NSST | M79: NSSC | N79: NSBK-NSST | O79: 44653 | P79: 44628 | Q79: 44615 | R79: NS | S79: NSGP3NK1 | T79: 577 | U79: 11 | V79: 336 | W79: 45028 | X79: 45209
A80: AP1 | B80: PPP | C80: AW02 | D80: 016B | E80: =RIGHT(C80,3) -> W02 | F80: 14.2 | G80: 11.2 | H80: 11.2 | J80: HA | K80: NSFC2109 | L80: NSST | M80: NSSC | N80: NSST | O80: 44455 | P80: 44449 | Q80: 44427 | R80: NS | S80: NSGP3CK1 | T80: 577 | U80: 16 | V80: 515 | W80: 43895 | X80: 42898 | AA80: 44870
A81: AP1 | B81: PPP | C81: AW02 | D81: 016B1 | E81: =RIGHT(C81,3) -> W02 | F81: 6.85 | G81: 5.37 | H81: 5.37 | J81: HA | K81: NSFC2203 | L81: NSST | M81: NSSC | O81: 44650 | P81: 44638 | Q81: 44624 | R81: NS | S81: NSGP3SS1 | T81: 517 | U81: 10 | V81: 326 | W81: 43134
A82: AP1 | B82: PPP | C82: AW02 | D82: 017A | E82: =RIGHT(C82,3) -> W02 | F82: 9.21 | G82: 7.28 | H82: 7.28 | J82: HA | K82: NSBB2211 | L82: NSSC | M82: NSBK-NSST | N82: NSST | O82: 44875 | P82: 44814 | Q82: 44273 | R82: NS | T82: 300 | U82: 4 | V82: 150 | W82: 43678 | X82: 43637 | AD82: 44887
A83: AP1 | B83: PPP | C83: AW02 | D83: 017B | E83: =RIGHT(C83,3) -> W02 | F83: 12.08 | G83: 9.55 | H83: 9.55 | J83: HA | K83: NSSC2202 | L83: NSFC | M83: NSBK-NSST | O83: 44594 | P83: 44576 | Q83: 44055 | R83: NS | T83: 402 | U83: 12 | V83: 388 | W83: 43427 | AA83: 44809 | AD83: 44597
A84: AP1 | B84: PPP | C84: AW02 | D84: 017C | E84: =RIGHT(C84,3) -> W02 | F84: 12.3 | G84: 9.86 | H84: 9.86 | J84: HA | K84: NSBB2210 | L84: NSSC | M84: NSBK-NSST | N84: NSBK-NSST | O84: 44848 | P84: 44795 | Q84: 44254 | R84: NS | T84: 300 | U84: 5 | V84: 169 | W84: 43983 | X84: 43411 | AD84: 44861
A85: AP1 | B85: PPP | C85: AW02 | D85: 017D9 | E85: =RIGHT(C85,3) -> W02 | F85: 17.35 | G85: 13.58 | H85: 13.58 | J85: HA | K85: NSSC2207 | L85: NSFC | M85: NSBK-NSST | N85: NSBK-NSST | O85: 44744 | P85: 44728 | Q85: 44209 | R85: NS | T85: 402 | U85: 7 | V85: 236 | W85: 43747 | X85: 43665 | AA85: 44958 | AD85: 44743
A86: AP1 | B86: PPP | C86: AW02 | D86: 017F | E86: =RIGHT(C86,3) -> W02 | F86: 13.36 | G86: 10.43 | H86: 10.43 | J86: HA | K86: NSBB2206 | L86: NSFC | M86: NSBK-NSST | N86: PSFC | O86: 44715 | P86: 44712 | Q86: 44124 | R86: NS | T86: 300 | U86: 8 | V86: 252 | W86: 43545 | X86: 43932 | AD86: 44763
A87: AP1 | B87: PPP | C87: AW02 | D87: 017G | E87: =RIGHT(C87,3) -> W02 | F87: 10.82 | G87: 9.14 | H87: 9.14 | J87: HA | K87: NRBB2212 | L87: NRST | M87: NRBK-NSST | N87: NSFC | O87: 44897 | P87: 44892 | Q87: 44846 | R87: NR | T87: 240 | U87: 2 | V87: 72 | W87: 43710 | X87: 42572
A88: AP1 | B88: PPP | C88: AW02 | D88: 017H | E88: =RIGHT(C88,3) -> W02 | F88: 7.13 | G88: 5.74 | H88: 5.74 | J88: HA | K88: NSSC2211 | L88: NSBB | M88: NSBK-NSST | N88: NSST | O88: 44880 | P88: 44814 | Q88: 44267 | R88: NS | T88: 402 | U88: 4 | V88: 150 | W88: 43678 | X88: 43637
A89: AP1 | B89: PPP | C89: AW02 | D89: 017I | E89: =RIGHT(C89,3) -> W02 | F89: 7.7 | G89: 6.13 | H89: 6.13 | J89: HA | K89: NSBB2206 | L89: NSFC | M89: NSBK-NSST | N89: PSFC | O89: 44715 | P89: 44712 | Q89: 44125 | R89: NS | T89: 300 | U89: 8 | V89: 252 | W89: 43545 | X89: 43932 | AD89: 44763
A90: AP1 | B90: PPP | C90: AW02 | D90: 017J1 | E90: =RIGHT(C90,3) -> W02 | F90: 11.7 | G90: 9.13 | H90: 9.13 | J90: HA | K90: NSSC2203 | L90: NSFC | M90: NSBK-NSST | N90: NSFC | O90: 44622 | P90: 44620 | Q90: 44070 | R90: NS | T90: 402 | U90: 11 | V90: 344 | W90: 43710 | X90: 42572 | AA90: 44866 | AD90: 44625
A91: AP1 | B91: PPP | C91: AW02 | D91: 017K | E91: =RIGHT(C91,3) -> W02 | F91: 6.26 | G91: 4.94 | H91: 4.94 | J91: HA | K91: NSFC2209 | L91: NSST | M91: NSSC | O91: 44806 | P91: 44803 | Q91: 44771 | R91: NS | S91: NSGP3CK1 | T91: 577 | U91: 5 | V91: 161 | W91: 45266
A92: AP1 | B92: PPP | C92: AW02 | D92: 017L | E92: =RIGHT(C92,3) -> W02 | F92: 9.34 | G92: 7.47 | H92: 7.47 | J92: HA | K92: NSSC2211 | L92: NSBB | M92: NSBK-NSST | N92: NSST | O92: 44880 | P92: 44816 | Q92: 44270 | R92: NS | T92: 402 | U92: 4 | V92: 148 | W92: 43678 | X92: 43637
A93: AP1 | B93: PPP | C93: AW02 | D93: 017M | E93: =RIGHT(C93,3) -> W02 | F93: 3.26 | G93: 2.61 | H93: 2.61 | J93: HA | K93: NSFC2202 | L93: NSST | M93: NSSC | N93: NSFC | O93: 44594 | P93: 44592 | Q93: 44566 | R93: NS | S93: NSGP3SB1 | T93: 457 | U93: 12 | V93: 372 | W93: 43710 | X93: 42572 | AA93: 44873 | AD93: 44957
A94: AP1 | B94: PPP | C94: AW02 | D94: 018A | E94: =RIGHT(C94,3) -> W02 | F94: 2.6 | G94: 2.05 | H94: 2.05 | J94: HA | K94: NSSC2202 | L94: NSFC | M94: NSBK-NSST | O94: 44594 | P94: 44572 | Q94: 44099 | R94: NS | T94: 402 | U94: 12 | V94: 392 | W94: 43427 | AA94: 44804 | AD94: 44958
A95: AP1 | B95: PPP | C95: AW02 | D95: 018B | E95: =RIGHT(C95,3) -> W02 | F95: 8.1 | G95: 6.55 | H95: 6.55 | J95: HA | K95: PSFC2112 | L95: PSST | M95: PSSC | O95: 44536 | P95: 44513 | Q95: 44513 | R95: PS | S95: PSCJ4MTX | T95: 392 | U95: 14 | V95: 451 | W95: 45091 | AD95: 44779
A96: AP1 | B96: PPP | C96: AW02 | D96: 018C | E96: =RIGHT(C96,3) -> W02 | F96: 8.16 | G96: 6.48 | H96: 6.48 | J96: HA | K96: NSSC2205 | L96: NSFC | M96: NSBK-NSST | O96: 44704 | P96: 44699 | Q96: 44218 | R96: NS | T96: 402 | U96: 8 | V96: 265 | AA96: 44904 | AD96: 44734
A97: AP1 | B97: PPP | C97: AW02 | D97: 018D | E97: =RIGHT(C97,3) -> W02 | F97: 8.82 | G97: 6.98 | H97: 6.98 | J97: HA | K97: NSFC2208 | L97: NSST | M97: NSSC | N97: NSFC | O97: 44775 | P97: 44755 | Q97: 44739 | R97: NS | S97: NSGP3SK1 | T97: 577 | U97: 6 | V97: 209 | W97: 43535 | X97: 43566
A98: AP1 | B98: PPP | C98: AW02 | D98: 018F | E98: =RIGHT(C98,3) -> W02 | F98: 14.78 | G98: 11.63 | H98: 11.63 | J98: HA | K98: NSFC2111 | L98: NSST | M98: NSSC | N98: PSBK-PSST | O98: 44510 | P98: 44504 | Q98: 44477 | R98: NS | S98: NSGP3SB1 | T98: 457 | U98: 15 | V98: 460 | W98: 43954 | X98: 43275 | AA98: 44816 | AD98: 44847
A99: AP1 | B99: PPP | C99: AW02 | D99: 018F1 | E99: =RIGHT(C99,3) -> W02 | F99: 6.29 | G99: 5.08 | H99: 5.08 | J99: HA | K99: PSSC2211 | L99: PSFC | M99: PSSR | O99: 44891 | P99: 44666 | Q99: 44443 | R99: PS | S99: PSCJ4MTX | T99: 238 | U99: 9 | V99: 298 | W99: 45005 | AD99: 44931
A100: AP1 | B100: PPP | C100: AW02 | D100: 018G | E100: =RIGHT(C100,3) -> W02 | F100: 14.16 | G100: 10.96 | H100: 10.96 | J100: HA | K100: NSST2301 | L100: NSBK-NSST | M100: NSFC | N100: NSST | O100: 44937 | P100: 44936 | Q100: 44938 | R100: NS | T100: 30 | U100: 0 | V100: 28 | W100: 43678 | X100: 43637
...

Sheet Sheet1
J1: tanam
G2: 7.19 | I2: target | J2: 1820
A3: sisa target lokasi | B3: 1247.89 | G3: 11.55 | I3: sdh real | J3: 391.08
A4: sisa akhir tahun | B4: 300 | G4: 5.63 | I4: sisa | J4: =J2-J3 -> 1428.92
A5: sudah bongkar | B5: 513 | G5: 14.23
A6: sn bulan ini | B6: 92 | E6: 856 | G6: 4.54
B7: =B3+B4-B5-B6 -> 942.89 | E7: =B7-E6 -> 86.89 | G7: 3.78
C8: =B7/4 -> 235.7225 | G8: 10.1
E9: =E7-G9 -> 29.87 | G9: =SUM(G2:G8) -> 57.02
